source-Manufacturer Name,target-Product Name
9Wood,1100 Cross Piece Grille/2100 Panelized Linear (FSC Douglas Fir)
9Wood,1100 Cross Piece Grille/2100 Panelized Linear (FSC Hemlock)
9Wood,EcoGrille (FSC Pacific Albus)
Abodo Wood Ltd.,Elements Vulcan
Abodo Wood Ltd.,Elements Vulcan+
Accsys Technologies PLC,Accoya¨ wood
Albatech Pty Ltd,Evcco Halogen Free Flame Retardant Electrical Conduit and Fittings
Alpar Architectural Products LLC,DeTerra Biobased polymer wall protection Đ Natural
Alpar Architectural Products LLC,DeTerra Biobased polymer wall protection w/ Aluminum Đ Natural
Amorim Isolamentos Imported to North America by WestCoast Associates Inc.,Thermacork
Aquacell Water Recycling Systems,Aquacell G
Aquacell Water Recycling Systems,Aquacell S
ASSA ABLOY,Adams Rite MS 1850S MS¨ Single Point Lock
ASSA ABLOY,Ameristar Montage Fence
ASSA ABLOY,CECO Door Legion/UltraDor Core Polystyrene Steel Door
ASSA ABLOY,CECO Door Regent/Omega Honeycomb Core Steel Door
ASSA ABLOY,CECO Door Curries Fleming and SMP Blast Resistant Door and Frame Assembly
ASSA ABLOY,Curries Polysio Block Door
ASSA ABLOY,Frameworks Serenity Aluminum Frame
ASSA ABLOY,Graham Serenity Wood Door
ASSA ABLOY,HES 1006 Series Strike
ASSA ABLOY,HES 9600 Series Electric Strike
ASSA ABLOY,Maiman Serenity Wood Door
ASSA ABLOY,Maiman Thermal Fused Door
ASSA ABLOY,McKinney Door Hinge
ASSA ABLOY,Medeco 3 CLIQ Mortise Cylinder
ASSA ABLOY,Pemko Perimeter Gasketing
ASSA ABLOY,Rockwood K1050 Kick Plate
ASSA ABLOY,Securitron M32 MagnaLock
ASSA ABLOY,Securitron M62 MagnaLock
Assa Abloy,Trio-E Steel Stiffened Hollow Metal Door
Autex Industries Ltd,Acoustic Fabric Composition Symphony & Sordino.
Autex Industries Ltd,Autex Ducting Insulation Wrap
Autex Industries Ltd,Cube and Quietspace Panel
Autex Industries Ltd,Greenstuf and Quietstuf Insulation
Autex Industries Ltd,Quietspace Ceiling Tiles
Autex Industries Ltd,Quietspace Workstation Panel & 3D Tiles
Autex Industries Ltd,Vertiface
Bentley Mills Inc.,Nexstep Cushion Carpet Tile
Caesarstone,Quartz Surface
Carnegie Fabrics,Xorel Biobased
Cascade Coil Drapery Inc.,Aluminum Coil Drapery
Cascade Coil Drapery Inc.,Nickel-Plated Steel Coil Drapery
Cascade Coil Drapery Inc.,Stainless Steel Coil Drapery
Cascade Coil Drapery Inc.,Steel Coil Drapery
Cascade Coil Drapery Inc.,Tin-Plated Steel Coil Drapery
Cascadia Windows Ltd.,Cascadia Clip
Cascadia Windows Ltd.,Fiberglass Windows
CertainTeed Gypsum,AirRenew Essential
CertainTeed Gypsum,AirRenew Extreme Abuse
CertainTeed Gypsum,AirRenew Extreme Impact
CertainTeed Gypsum,AirRenew M2Tech
Clestra Hauserman (Taicang) Architectural Products Co. Ltd.,PleinAir
Coldspring,Coldspring Dimensional Granite
Coldspring,Coldspring Dimensional Limestone
Collins Companies,Collins Pine FreeForm Particleboard
Columbia Green Technologies,Advanced Vegetative Roof System Tray
Earth Dwell Ltd.,Stabilized Insulated Rammed Earth
EcoGranite LLC,Recycled Granite
Forbo Flooring Systems,Bulletin Board
Forbo Flooring Systems,Marmoleum Sheet
Forbo Flooring Systems,Marmoleum Tile
Forbo Flooring Systems,Marmoweld
Glunz AG,Agepan DWD and Agepan THD
GroCo Inc.,GroCo Compost made with Loop
Hamilton Sorter,Modular Caseworks
Havelock Wool LLC,Havelock Wool Insulation
Imondi Flooring Ltd.,Organic Range
Imperial Paints LLC,Air Pure Paints Interior Wall Paints
Imperial Paints LLC,ECOS Concrete Sealer
Imperial Paints LLC,ECOS Interior Matte Wall Paint
Imperial Paints LLC,ECOS Interior Semi-Gloss Paint
Imperial Paints LLC,ECOS Interior Wall Paints
Imperial Paints LLC,ECOS Interior Wall Primer
Imperial Paints LLC,ECOS WoodShield Interior Stain
Imperial Paints LLC,ECOS WoodShield Satin Varnish
Inscape Corporation,ACME 50 Movable Wall
Interface,Flor/Super Flor Interface
Interface European Manufacturing B.V,Interface Modular Carpet tufted Nylon on Graphlex backing
Interface Inc,Interface Modular Carpet tufted Nylon on NexStep backing
InZone Industries Ltd.,Mammoth
InZone Industries Ltd.,NOVAfloor
InZone Industries Ltd.,NOVAhush
InZone Industries Ltd.,NOVAtherm
Itek Energy,IT-240
Johns Manville,ENRGY 3¨.E - Johns Manville Roofing Insulation Board
Knauf Insulation,EcoBatt Kraft Faced
Knauf Insulation,EcoBatt Kraft Unfaced
Knauf Insulation,EcoBatt Unfaced
Knauf Insulation,Knauf Earthwool¨ Pipe Insulation
Knauf Insulation,Knauf EcoBatt Kraft Faced
Knauf Insulation,Knauf JetStream Ultra Loosefill Insulation
Knauf Insulation,Knauf JetStream Ultra Loosefill Insulation
Knauf Insulation,Knauf KN
Knauf Insulation,Knauf Redi Klad Pipe Insulation
Knauf Insulation Inc.,Atmosphere Duct Liner
Knauf Insulation Inc.,Knauf Insulation IB Board
KoshiiWoods & Co. Ltd.,KoshiiWoods DT (Thermo Wood)
Laminex New Zealand,Strandboard¨
LouverShade LLC,LouverShade
LouverShade LLC,LouverShade
MechoSystems Inc.,Mecho¨/5 UrbanShade¨ and ElectroShade¨ Systems with AcoustiVeil Dimout  Shadecloth
Metal Sales Manufacturing Corporation,Acrylic-Coated Galvalume CF
Metal Sales Manufacturing Corporation,Galvalume Finish Metal Roof and Wall Panels
Milliken & Company,Milliken Luxury Vinyl Tile
Milliken & Company,Milliken Modular Carpet with Nylon 6 Face and E Polyurethane Cushion Backing
Milliken & Company,Milliken Modular Carpet with Nylon 6 Face and ES Polyurethane Cushion  Backing
Milliken & Company,Milliken Modular Carpet with Nylon 6 Face and ESP Polyurethane Cushion  Backing
Milliken & Company,Milliken Modular Carpet with Nylon 6 Face and Polyurethane Cushion Backing
Milliken & Company,Milliken Modular Carpet with Nylon 66 Face and E Polyurethane Cushion  Backing
Milliken & Company,Milliken Modular Carpet with Nylon 66 Face and ES Polyurethane Cushion  Backing (China)
Milliken & Company,Milliken Modular Carpet with Nylon 66 face and ES Polyurethane Cushion  Backing (USA)
Milliken & Company,Milliken Modular Carpet with Nylon 66 Face and ESP Polyurethane Cushion  Backing
Milliken & Company,Milliken Modular Carpet with Nylon 66 face and recycled cushion backing
Mohawk Group,Commercial Broadloom Carpet on Unibond¨ Bloc
Mohawk Group,Commercial Broadloom Carpet on Unibond¨ Plus
Mohawk Group,Commercial Broadloom Carpet on Weldlok¨
Mohawk Group,Commercial Broadloom Carpet on Weldlok¨ Unitary
Mohawk Group,Commercial Woven SD Nylon Carpet
Mohawk Group,FlexLok Installation System
Mohawk Group,Hospitality Broadloom Carpet on Unibond¨ Bloc
Mohawk Group,Hospitality Broadloom Carpet on Unibond¨ Plus
Mohawk Group,Hospitality Broadloom Carpet on Weldlok¨
Mohawk Group,Hospitality Broadloom Carpet on Weldlok¨ Unitary
Mohawk Group,Hospitality Woven Nylon Carpet
Mohawk Group,Nylon Modular Carpet Tiles on EcoFlex ICT
Mohawk Group,Nylon Modular Carpet Tiles on EcoFlex ICT
Mohawk Group,Nylon Modular Carpet Tiles on EcoFlex NXT
Mohawk Group,Precision Dye Broadloom Carpet
National Fiber,Cel-Pak Cellulose Insulation
Natural House Company Ltd,Elements Protector
Natural House Company Ltd,Exterior Oil
Neil Kelly Cabinets,Naturally NorthwestŞ
Nordic Engineered Wood,Nordic Joist
Nordic Engineered Wood,Nordic Lam
Nordic Engineered Wood,Nordic X-Lam
Novalis International Ltd.,Novalis LVT
Novalis International Ltd.,Novalis NovaClic LVT
Patcraft,EcoWorx Carpet Tile
Pittsburgh Corning Corporation,FOAMGLAS¨ Insulation
Proactive Technology Australia Pty Ltd,Polastic Insulation System
ProClima,INTELLO Plus
ProClima,TESCON PRIMER RP
ProClima,TESCON VANA / TESCON PROFIL / TESCON INVIS
PROSOCO,Consolideck ColorHard
PROSOCO,Consolideck ColorHard (Rose Quartz Red Rock and Painted Desert)
PROSOCO,R-Guard AirDam
PROSOCO,R-Guard Cat 5
PROSOCO,R-Guard Cat 5 Rain Screen
PROSOCO,R-Guard FastFlash
PROSOCO,R-Guard Joint & Seam Filler
PROSOCO Inc.,Consolideck LS & LS/CS
Rosie's Natural Way,Rosie's Cycle
Schuco USA,FW 50+.SI Green
Shanghai Tangdun Functional Material Co. Ltd.,Tangdun Functional Board
Shaw Contract Group,EcoWorx Carpet Tile
Shaw Industries Group Inc.,EcoWorx Carpet Tile
Silicon Energy,Cascade Series PV Module
SIREWALL China,Stabilized Insulated Rammed Earth
SIREWALL Inc.,Stabilized Insulated Rammed Earth
Smith & Fong Company,Plyboo Soybond Bamboo Flooring
Smith & Fong Company,Plyboo Soybond Bamboo Plywood
Sportworks Northwest Inc.,No Scratch Racks
SunCentral Inc.,SunBeamer 100
T&R Interior Systems,Eclipse Aluminium Suite
Tandus Centiva,Tandus Centiva - ethos¨ Modular
Tandus Centiva,Tandus Centiva - Powerbond¨ ethos¨ Cushion
Teknion,Teknion District Desking System
Teknion,Teknion Interpret Desking System
Teknion,Teknion Livello Table
Teknion,Teknion Projek Task
Teknion,Teknion Variable Stacking Guest Chair
Teknion,Teknion Visio Chair
The Reuse Everything Institute Inc.,REII Landscaping Fence
ThyssenKrupp Elevator,endura MRL
TOTO USA,Aquia¨ Dual-Max¨ 1.6gpf & 0.9gpf One-Piece Toilet
TOTO USA,Aquia¨ Dual-Max¨ 1.6gpf & 0.9gpf Two-Piece Toilet
TOTO USA,Commercial Wall-Hung HE 1.28gpf Toilet
TOTO USA,Commercial Wall-Mount Lavatory
TOTO USA,Commercial Washout HE 0.125gpf Urinal - UT105U(V)
TOTO USA,Commercial Washout HE 0.125gpf Urinal Đ UT445U(V)
TOTO USA,Drake¨ II 1.28gpf Two-Piece Toilet
TOTO USA,Drake¨ II 1.28gpf Two-Piece Toilet Đ PVC Free
TOTO USA,Drake¨ II 1G¨ Two-Piece Toilet
TOTO USA,Drake¨ II 1G¨ Two-Piece Toilet Đ PVC Free
TOTO USA,Eco Drake¨ 1.28gpf Two-Piece Toilet
TOTO USA,Eco Drake¨ 1.28gpf Two-Piece Toilet Đ PVC Free
TOTO USA,Eco Ultramax¨ 1.28gpf One-Piece Toilet
TOTO USA,Eco Ultramax¨ 1.28gpf One-Piece Toilet- PVC Free
TOTO USA,Ultramax¨ II 1.28gpf One-Piece Toilet
TOTO USA,Ultramax¨ II 1.28gpf One-Piece Toilet- PVC Free
TOTO USA,Ultramax¨ II 1G¨ One-Piece Toilet
TOTO USA,Ultramax¨ II 1G¨ One-Piece Toilet- PVC Free
TOTO USA,Undercounter Lavatory - LT569
TOTO USA,Undercounter Lavatory - LT569
UltimateAir Inc.,UltimateAir RecoupAerator¨ 200DX
US GreenFiber LLC (GreenFiber),GreenFiber Cellulose Insulation
View Glass Inc.,Dynamic Glass
VOXFLOR Industrial Park CO. Ltd.,Loire Greenpad series
