source-company,target-ticker
The New York Times Company,NYT
Tidelands Bancshares Inc.,TDBK
Pall Corporation,PLL
SL Industries Inc.,SLI
Vail Resorts Inc.,MTN
Liberty Bancorp Inc.,LBCP
Zoom Technologies Inc.,ZOOM
Authentidate Holding Corp.,ADAT
Westell Technologies Inc.,WSTL
Humana Inc.,hum
Heritage Financial Group Inc.,HBOS
KLA-Tencor Corporation,KLAC
JDS Uniphase Corporation,JDSU
Cognex Corporation,CGNX
Ashland Inc.,ASH
Norwood Financial Corp.,NWFL
Avidbank Holdings Inc.,AVBH
Titan Industries Ltd.,TITAN.BO
Robex Resources Inc.,RBX.V
Assurant Inc.,AIZ
Highpower International Inc.,HPJ
Ubiquiti Networks Inc.,UBNT
Quanta Services Inc.,PWR
Owens-Illinois Inc.,OI
Principal Financial Group Inc.,PFG
Builders FirstSource Inc.,BLDR
Repros Therapeutics Inc.,RPRX
Almaden Minerals Ltd.,AAU
Almaden Minerals Ltd.,AMM.TO
Exa Corporation,EXA
Wyndham Worldwide Corporation,WYN
Kirkland Lake Gold Inc.,KGI.TO
Strayer Education Inc.,STRA
BSD Medical Corp.,BSDM
XOMA Ltd.,XOMA
Orexigen Therapeutics Inc.,OREX
Aircastle Ltd.,AYR
BSQUARE Corp.,BSQR
Hollywood Media Corp.,HOLL
JPMorgan Chase & Co.,JPM
Valley Financial Corporation,VYFC
Malvern Federal Bancorp Inc.,MLVF
New Jersey Community Bank,NJCB
KapStone Paper and Packaging C,KS
United States Steel Corp.,X
Pharmesis International Ltd.,P31.SI
Timken Co.,TKR
WidePoint Corp.,WYY
Immunomedics Inc.,IMMU
CollabRx Inc.,CLRX
Bioanalytical Systems Inc.,BASI
Ambase Corp.,ABCP
Nuzee Inc.,NUZE
CoreLogic Inc.,CLGX
Dominion Resources Inc.,D
Banco Santander-Chile,BSAC
Quiksilver Inc.,ZQK
Flotek Industries Inc.,FTK
BRF SA,BRFSN.MX
Sutron Corporation,STRN
Tandy Leather Factory Inc.,TLF
Alexza Pharmaceuticals Inc.,ALXA
Informatica Corporation,INFA
Spectris plc,SXS.L
US Energy Corp.,USEG
Gold Fields Ltd.,GFI
Iowa First Bancshares Corp.,IOFB
Las Vegas Railway Express,XTRN
Kohl's Corp.,KSS
TrovaGene Inc.,TROV
Diana Shipping Inc.,DSX
StarTek Inc.,SRT
CU Bancorp,CUNB
Campbell Soup Company,CPB
INTL FCStone Inc.,INTL
Middlesex Water Co.,MSEX
Vodafone Group PLC,VOD.L
IMPAC Mortgage Holdings Inc.,IMH
Home Loan Financial Corp.,HLFN
Hewlett-Packard Company,HPQ
Capstone Therapeutics Corp.,CAPS
Five Below Inc.,FIVE
Speedway Motorsports Inc.,TRK
hhgregg Inc.,HGG
Enzo Biochem Inc.,ENZ
New Ulm Telecom Inc.,NULM
Pascack Bancorp Inc.,PSBR
Shaftesbury plc,SHB.L
Ambassadors Group Inc.,EPAX
Qualys Inc.,QLYS
Cyclacel Pharmaceuticals Inc.,CYCC
ReachLocal Inc.,RLOC
8X8 Inc.,EGHT
Hydrogenics Corporation,HYGS
Global Indemnity plc,GBLI
Frequency Electronics Inc.,FEIM
Page Industries Ltd.,PAGEIND.BO
Page Industries Ltd.,PAGEIND.NS
Pengrowth Energy Corporation,PGH
Delta Air Lines Inc.,DAL
Cabot Corporation,CBT
The Spectranetics Corporation,SPNC
Domino's Pizza Inc.,DPZ
Quad/Graphics Inc.,QUAD
Premier Brands Inc.,BRND
Stanley Furniture Co. Inc.,STLY
Zix Corporation,ZIXI
Hills Bancorp,HBIA
Ultrapar Holdings Inc.,UGP
Lihua International Inc.,LIWA
J. C. Penney Company Inc.,JCP
Gruma S.A.B. de CV,GMK
Heritage Oil Plc,HOIL.L
Energen Corp.,EGN
Bank of Montreal,BMO
TICC Capital Corp.,TICC
CBIZ Inc.,CBZ
Titan Machinery Inc.,TITN
Gamestop Corp.,GME
Abbott Laboratories,ABT
United Natural Foods Inc.,UNFI
Weatherford International Ltd.,WFT
LifeLock Inc.,LOCK
Shore Community Bank,SHRC
EDCI Holdings Inc.,EDCI
Alimera Sciences Inc.,ALIM
Ecolab Inc.,ECL
American Tower Corporation,AMT
Changyou.com Limited,CYOU
American Bonanza Gold Corp,BZA.TO
SandRidge Mississippian Trust,SDT
BAKER HUGHES INCORPORATED,BHI
AGNICO EAGLE MINES LTD.,AEM.TO
Olympic Steel Inc.,ZEUS
Optical Cable Corp.,OCC
NeurogesX Inc.,NGSX
Rentrak Corporation,RENT
Regency Centers Corporation,REG
Blucora Inc.,BCOR
Bosch Ltd.,BOSCHLTD.NS
Air T Inc.,AIRT
Xerox Corporation,XRX
First Robinson Financial Corp.,FRFC
LG Display Co. Ltd.,LPL
Lamar Advertising Co.,LAMR
Autodesk Inc.,ADSK
Resources Connection Inc.,RECN
Banco Santander S.A.,SAN
Imperial Oil Ltd.,IMO
Imperial Oil Ltd.,IMO.TO
Tree.Com Inc.,TREE
Chesnara PLC,CSN.L
Microsoft Corporation,4338.HK
Microsoft Corporation,MSFT
Bloomin' Brands Inc.,BLMN
Lorenzo International Ltd.,5IE.SI
MSB Financial Corp.,MSBF
Weyerhaeuser Co.,WY
Copart Inc.,CPRT
Scott's Liquid Gold Inc.,SLGD
WesBanco Inc.,WSBC
Vascular Solutions Inc.,VASC
Cardica Inc.,CRDC
Investec plc,INVP.L
Vitesse Semiconductor Corp.,VTSS
Tenaris SA,TS.BA
Tenaris SA,TS.MX
Tenaris SA,TS
NWF Group PLC,NWF.L
Zoetis Inc.,ZTS
Modi Rubber Ltd.,MODIRUBB.BO
Kaman Corporation,KAMN
Sanderson Farms Inc.,SAFM
CECO Environmental Corp.,CECE
Essar Oil Ltd.,ESSAROIL.NS
Timberland Bancorp Inc.,TSBK
TTM Technologies Inc.,TTMI
China Auto Logistic Inc.,CALI
International Paper Company,IP
Firstgroup plc,FGP.L
Fibria Celulose SA,FBR
Fibria Celulose SA,FBRN.MX
Atlanta Gold Inc.,ATG.V
Augusta Resource Corp.,AZC
Monster Offers,MONT
SYNNEX Corp.,snx
TTK Prestige Ltd.,TTKPRESTI.NS
TTK Prestige Ltd.,TTKPRES.BO
SodaStream International Ltd.,SODA
Atmos Energy Corporation,ATO
RealD Inc.,RLD
Great Southern Bancorp Inc.,GSBC
Marshalls PLC,MSLH.L
Apricus Biosciences Inc.,APRI
Nordion Inc.,NDZ
ZAGG Inc.,ZAGG
Cytokinetics Incorporated,CYTK
EPAM Systems Inc.,EPAM
Life Partners Holdings Inc.,LPHI
OceanFirst Financial Corp.,OCFC
Receptos Inc.,RCPT
ExamWorks Group Inc.,EXAM
Exelon Corporation,EXC
Digi International Inc.,DGII
Rio Novo Gold Inc.,RN.TO
Avocet Mining PLC,AVM.L
The Hershey Company,HSY
Murphy Oil Corporation,MUR
Tidelands Royalty Trust B,TIRTZ
Tessera Technologies Inc.,TSRA
Imprimis Pharmaceuticals Inc.,IMMY
Legal & General Group Plc,LGEN.L
IsoRay Inc.,ISR
Dr. Reddy's Laboratories Ltd.,RDY
Hansard Global PLC,HSD.L
Citizens & Northern Corp.,CZNC
Acacia Research Corporation,ACTG
Targa Resources Partners Lp,NGLS
Albany International Corp.,AIN
Amerityre Corp.,AMTY
RED MOUNTAIN RESOURCES INC.,RDMP
Quality Distribution Inc.,QLTY
BIOLASE Inc.,BIOL
Headwaters Incorporated,HW
Vertex Energy Inc.,VTNR
CIRCOR International Inc.,CIR
RF Micro Devices Inc.,RFMD
Nomura Holdings Inc.,NMR
Flexsteel Industries Inc.,FLXS
CTC Media Inc,CTCM
Advent Software Inc.,ADVS
Techne Corp.,TECH
MWI Veterinary Supply Inc.,MWIV
TherapeuticsMD Inc.,TXMD
Hooper Holmes Inc.,HH
Commercial Bancshares Inc.,CMOH
Cosan Ltd.,CZZ
Questcor Pharmaceuticals Inc.,QCOR
Apple Inc.,AAPL.MX
Apple Inc.,AAPL
Renewable Energy Group Inc.,REGI
AxoGen Inc.,AXGN
Avalon Holdings Corp.,AWX
Movado Group Inc.,MOV
Gran Tierra Energy Inc.,GTE
Ascot Resources Ltd.,AOT.V
Capita plc,CPI.L
Cosco Pacific Ltd.,1199.HK
Biodel Inc.,BIOD
National Security Group Inc.,NSEC
NTN Buzztime Inc.,NTN
MGE Energy Inc.,MGEE
Geodesic Ltd.,GEODLTD.BO
Biota Pharmaceuticals Inc.,BOTA
Invesco Ltd.,IVZ
WSFS Financial Corp.,WSFS
Adams Resources & Energy Inc.,AE
Cepheid,CPHD
China Green Agriculture Inc.,CGA
East West Bancorp Inc.,EWBC
Rouse Properties Inc.,RSE
Claude Resources Inc.,CRJ.TO
Southwest Bancorp Inc.,OKSB
Safeway Inc.,SWY
Wave Systems Corp.,WAVX
Virtusa Corp.,VRTU
Joy Global Inc.,JOY
Maydao Corp,MYDO
Time Warner Inc.,TWX.MX
Time Warner Inc.,TWX
Park Electrochemical Corp.,PKE
Proofpoint Inc.,PFPT
CompX International Inc.,CIX
Tile Shop Holdings Inc.,TTS
United-Guardian Inc.,UG
Johnson Controls Inc.,JCI
Atlanta Ltd.,ATLANTA.BO
Willis Lease Finance Corp.,WLFC
Kennametal Inc.,KMT
DineEquity Inc.,DIN
AB SCIENCE,AB.PA
Hampden Bancorp Inc.,HBNK
Great Portland Estates plc,GPOR.L
Arena Pharmaceuticals Inc.,ARNA
First Potomac Realty Trust,FPO
The Medicines Company,MDCO
Hu An Cable Holdings Ltd.,KI3.SI
Invesco Mortgage Capital Inc.,IVR
Bristol-Myers Squibb Company,BMY
Grupo Televisa S.A.B.,TV
SI Financial Group Inc.,SIFI
Mitcham Industries Inc.,MIND
Shutterfly Inc.,SFLY
Celadon Group Inc.,CGI
Ligand Pharmaceuticals Inc.,LGND
STAAR Surgical Company,STAA
Entergy Corporation,etr
MIT Holding Inc.,MITD
Sempra Energy,SRE
Filtronic PLC,FTC.L
Kingtone Wirelessinfo Solution,KONE
Saigon National Bank,SAGN
Expedia Inc.,EXPE
Access Pharmaceuticals Inc.,ACCP
Chicago Rivet & Machine Co.,CVR
Dialogic Inc.,DLGC
Advantage Oil & Gas Ltd.,AAV
Advantage Oil & Gas Ltd.,AAV.TO
TEAM Inc.,TISI
Salisbury Bancorp Inc.,SAL
Polaris Industries Inc.,PII
Hospira Inc.,HSP
Diagnocure Inc.,CUR.TO
Pfizer Inc.,PFE
Pfizer Inc.,PFE.MX
Avalonbay Communities Inc.,AVB
Explore Anywhere Holding Corp.,EAHC
Premier Ltd.,PREMIER.BO
Chiquita Brands International,CQB
Manitou BF,MTU.PA
j2 Global Inc.,JCOM
Phoenix Solar AG,PS4.DE
Applied Materials Inc.,AMAT
Spire Corp.,SPIR
Alleghany Corporation,Y
Century Aluminum Co.,CENX
NuVasive Inc.,NUVA
Tabcorp Holdings Ltd.,TAH.AX
Fresenius SE & Co KGaA,FRE.DE
HMN Financial Inc.,HMNF
The York Water Company,YORW
Sovran Self Storage Inc.,SSS
Newport Corp.,NEWP
The Procter & Gamble Company,PG
Sterling Construction Co. Inc.,STRL
RPC Group plc,RPC.L
EOG Resources Inc.,EOG
Bonanza Creek Energy Inc.,BCEI
Guidewire Software Inc.,GWRE
Foundation Bancorp Inc.,FDNB
Castle Brands Inc.,ROX
Matson Inc.,MATX
Ford Motor Co.,F
Vector Group Ltd.,VGR
Ecosphere Technologies Inc.,ESPH
Gafisa S.A.,GFA
MBT Financial Corp.,MBTF
Elizabeth Arden Inc.,RDEN
Agenus Inc.,AGEN
MRF Ltd.,MRF.BO
Beazer Homes USA Inc.,BZH
Weingarten Realty Investors,WRI
Unit Corporation,UNT
Pain Therapeutics Inc.,PTIE
Encana Corporation,ECA
VizConnect Inc.,VIZC
Intrepid Potash Inc.,IPI
Premier Farnell plc,PFL.L
Cabot Oil & Gas Corporation,COG
Urban Outfitters Inc.,URBN
Arbor Realty Trust Inc.,ABR
Wesco Aircraft Holdings Inc.,WAIR
Ocwen Financial Corp.,OCN
Winnebago Industries Inc.,WGO
Lumos Networks Corp.,LMOS
Cipla Ltd.,CIPLA.NS
AU Optronics Corp.,AUO
Chimera Investment Corporation,CIM
LPL Financial Holdings Inc.,LPLA
Trina Solar Limited,TSL
Cal-Maine Foods Inc.,CALM
TiGenix NV,TIG.BR
Tix Corporation,TIXC
Poage Bankshares Inc.,PBSK
Telestone Technologies Corp.,TSTC
Unico American Corp.,UNAM
Dataram Corporation,DRAM
NORTHEAST BANCORP,NBN
Baytex Energy Corp.,BTE
DCC PLC,DCC.L
Sun Hydraulics Corp.,SNHY
LSB Financial Corp.,LSBI
Spectrum Brands Holdings Inc.,SPB
Experian plc,EXPN.L
Mattress Firm Holding Corp.,MFRM
Bristow Group Inc.,BRS
R H Energy Ltd.,CL7.SI
CEVA Inc.,CEVA
WABCO Holdings Inc.,WBC
Landmark Bancorp Inc.,LARK
Bally Technologies Inc.,BYI
SGOCO Group Ltd.,SGOC
Alexander's Inc.,ALX
GenMark Diagnostics Inc.,GNMK
Polycom Inc.,PLCM
Bank of Georgia Holdings PLC,BGEO.L
Willbros Group Inc.,WG
Actuate Corporation,BIRT
Vicon Industries Inc.,VII
MEI Pharma Inc.,MEIP
National Oilwell Varco Inc.,NOV
Amira Nature Foods Ltd.,ANFI
Accuray Incorporated,ARAY
American Software Inc.,AMSWA
888 Holdings PLC,888.L
Affymetrix Inc.,AFFX
Intercontinental Hotels Group,IHG
Community West Bancshares,CWBC
Crane Co.,CR
Vornado Realty Trust,VNO
Inventure Foods Inc.,SNAK
Ferrellgas Partners LP,FGP
Teleflex Incorporated,TFX
Hemisphere Media Group Inc.,HMTV
Anchor Bancorp,ANCB
Corridor Resources Inc.,CDH.TO
Bajaj Hindusthan Ltd.,BAJAJHIND.NS
Acadia Realty Trust,AKR
Everest Re Group Ltd.,RE
Durata Therapeutics Inc.,DRTX
Bank of Commerce,BONC
Trustmark Corporation,TRMK
Pan Pacific Bank,PPFC
EnteroMedics Inc.,ETRM
Global Sources Ltd.,GSOL
UCO BANK,UCO.BO
Blue Gem Enterprise,BGEM
Orbitz Worldwide Inc.,OWW
Acsm-Agam SPA,ACS.MI
GSI Technology Inc.,GSIT
CIT Group Inc.,CIT
BTG plc,BGC.L
Loews Corporation,L
Alcatel-Lucent,ALU.PA
The Cato Corporation,CATO
Reliv International Inc.,RELV
DIVERSICARE HEALTHCARE SERVICE,DVCR
Gordmans Stores Inc.,GMAN
Teekay LNG Partners LP.,TGP
Popular Inc.,BPOP
Westfield Retail Trust,WRT.AX
UQM Technologies Inc.,UQM
FEI Company,FEIC
Phillips 66,PSX
MB Financial Inc.,MBFI
Acotel Group,ACO.MI
Universal Detection Technology,UNDT
Handy & Harman Ltd.,HNH
Cheniere Energy Inc.,LNG
Starbucks Corporation,SBUX
Starbucks Corporation,4337.HK
Samson Oil & Gas Limited,SSN
Blackbaud Inc.,BLKB
First Security Group Inc.,FSGI
Reed Elsevier Nv,ENL
PrivateBancorp Inc.,PVTB
Omniamerican Bancorp Inc.,OABC
YOU On Demand Holdings Inc.,YOD
MFA Financial Inc.,MFA
Gentherm Incorporated,THRM
Aeffe,AEF.MI
UTStarcom Holdings Corp.,UTSI
Oaktree Capital Group LLC,OAK
United Security Bancshares Inc.,USBI
Lifevantage Corporation,LFVN
Student Transportation Inc.,STB
Stratus Properties Inc.,STRS
Silicom Ltd.,SILC
Copa Holdings SA,CPA
Fiserv Inc.,FISV
Heico Corporation,HEI
NPS Pharmaceuticals Inc.,NPSP
Generex Biotechnology Corp.,GNBT
Pyramid Oil Company,PDO
Brookdale Senior Living Inc.,BKD
Merit Medical Systems Inc.,MMSI
Lyondellbasell Industries Nv,LYB
CVB Financial Corp.,CVBF
ViaSat Inc.,VSAT
Crown Holdings Inc.,CCK
REEDS Inc.,REED
Astoria Financial Corporation,AF
Oragenics Inc.,OGEN
Stifel Financial Corp.,SF
ADM Tronics Unlimited Inc.,ADMT
Ballston Spa Bancorp Inc.,BSPA
Acea,ACE.MI
Wolverine Bancorp Inc.,WBKC
Body Central Corp.,BODY
Sun Bancorp Inc.,SNBC
Halozyme Therapeutics Inc.,HALO
Exide Industries Ltd.,EXIDEIND.NS
Exide Industries Ltd.,EXIDEIND.BO
Susser Petroleum Partners LP,SUSP
BROOKFIELD INFRASTRUCTURE PART,BIP
The Boeing Company,BA
PharMerica Corporation,PMC
New Energy Systems Group,NEWN
MarketAxess Holdings Inc.,MKTX
First Capital Bancorp Inc.,FCVA
Innsuites Hospitality Trust,IHT
Patrick Industries Inc.,PATK
Bill Barrett Corp.,BBG
California Bank of Commerce,CABC
Educomp Solutions Ltd.,EDUCOMP.BO
Impax Laboratories Inc.,IPXL
Fortegra Financial Corporation,FRF
Noble Corp.,NE
WEX Inc.,WEX
TeleNav Inc.,TNAV
Rocky Brands Inc.,RCKY
Porvair plc,PRV.L
eLong Inc.,LONG
MBAC Fertilizer Corp,MBC.TO
World Acceptance Corp.,WRLD
Telef,TEF
Bed Bath & Beyond Inc.,BBBY.MX
Bed Bath & Beyond Inc.,BBBY
Founders Bancorp,FBCP
Ngl Energy Partners Lp,NGL
Janus Capital Group Inc.,JNS
Pinnacle Entertainment Inc.,PNK
NuStar GP Holdings LLC,NSH
Ducommun Inc.,DCO
Hyperdynamics Corporation,HDY
DCT Industrial Trust Inc.,DCT
CKX Lands Inc.,CKX
Legacy Reserves Lp,LGCY
Grupo Elektra SA de CV,ELEKTRA.MX
Integrated Electrical Services,IESC
Innophos Holdings Inc.,IPHS
Princeton National Bancorp Inc.,PNBC
Rex Energy Corporation,REXX
Skywest Inc.,SKYW
Swift Transportation Company,SWFT
Nathan's Famous Inc.,NATH
CalciTech Ltd.,CLKTF
Stoneridge Inc.,SRI
Infinity Property and Casualty,IPCC
Union Pacific Corporation,UNP
ABM Resources NL,ABU.AX
KT Corp.,KT
Celsius Holdings Inc.,CELH
Top Image Systems Ltd.,TISA
Orthofix International N.V.,OFIX
Westbury Bancorp Inc.,WBB
SeaWorld Entertainment Inc.,SEAS
DDR Corp.,DDR
Ifm Investments Limited,CTC
Callidus Software Inc.,CALD
Qualstar Corp.,QBAK
Symmetry Medical Inc.,SMA
Sequans Communications S.A.,SQNS
Pointer Telocation Ltd.,PNTR
Trade Street Residential Inc.,TSRE
Whiting Petroleum Corp.,WLL
Allied Nevada Gold Corp.,ANV
Community Business Bank,CBBC
RINO INTERNATIONAL CORPORATION,RINO
Quantum Corporation,QTM
The Clorox Company,CLX
BG Medicine Inc.,BGMD
Radcom Ltd.,RDCM
Columbia Banking System Inc.,COLB
Hugoton Royalty Trust,HGT
Anixter International Inc.,AXE
Penn National Gaming Inc.,PENN
Gaming Partners International,GPIC
Mueller Water Products Inc.,MWA
Lexington Realty Trust,LXP
Amicus Therapeutics Inc.,FOLD
Euronet Worldwide Inc.,EEFT
LCNB Corp.,LCNB
Isle of Capri Casinos Inc.,ISLE
Horizon Bancorp,HBNC
CEMEX S.A.B. de C.V.,CX
Juniata Valley Financial Corp.,JUVF
ECA Marcellus Trust I,ECT
BioMarin Pharmaceutical Inc.,BMRN
Cbeyond Inc.,CBEY
Union Bankshares Corporation,UBSH
Zhone Technologies Inc.,ZHNE
China Life Insurance Co. Ltd.,LFC
Grupo Simec S.A.B. de C.V.,SIM
Myriad Genetics Inc.,MYGN
Domino Printing Sciences plc,DNO.L
Landauer Inc.,LDR
Insignia Systems Inc.,ISIG
BBCN Bancorp Inc.,BBCN
Celsion Corp.,CLSN
Pioneer Natural Resources Co.,PXD
Primerica Inc.,PRI
Riba Textiles Ltd.,RIBATEX.BO
Dundee Precious Metals Inc.,DPM.TO
CIBER Inc.,CBR
CHAMBERS STREET PROPERTIES,CSG
VirnetX Holding Corp,VHC
Perfumania Holdings Inc.,PERF
Emerson Electric Co.,EMR
Senomyx Inc.,SNMX
Ku6 Media Co. Ltd.,KUTV
DaVita HealthCare Partners Inc.,DVA
Atlas Energy L.P,ATLS
China Yida Holding Co.,CNYD
Waterstone Financial Inc.,WSBF
CPI Aerostructures Inc.,CVU
Payment Data Systems Inc.,PYDS
Diebold Incorporated,DBD
Ultralife Corp.,ULBI
PriceSmart Inc.,PSMT
Internet Patents Corporation,PTNT
RCM Technologies Inc.,RCMT
Eaton Corporation plc,ETN
Meritage Homes Corporation,MTH
Cohu Inc.,COHU
Emulex Corporation,ELX
Mast Therapeutics Inc.,MSTX
Vertical Computer Systems Inc.,VCSY
Marvell Technology Group Ltd.,MRVL
HomeAway Inc.,AWAY
Lloyds Banking Group PLC,LLOY.L
Emerson Radio Corp.,MSN
Watsco Inc.,WSO
Gold Standard Ventures Corp,GSV
Teledyne Technologies Inc.,TDY
F.N.B. Corporation,FNB
Akorn Inc.,AKRX
InspireMD Inc.,NSPR
Multi-Color Corp.,LABL
Blyth Inc.,BTH
FMC Technologies Inc.,FTI
Miller Energy Resources Inc.,MILL
Flamel Technologies SA,FLML
dELiA*s Inc.,DLIA
Kohlberg Kravis Roberts & Co.,KKR
Westwood Holdings Group Inc.,WHG
PerkinElmer Inc.,PKI
Sonic Automotive Inc.,SAH
Dart Mining NL,DTM.AX
Pure Cycle Corporation,PCYO
Green Dot Corporation,GDOT
Apache Corp.,APA
American Equity Investment Lif,AEL
Edwards Lifesciences Corp.,EW
TGC Industries Inc.,TGE
DTS Inc.,DTSI
Syngenta Ag,SYT
Yum! Brands Inc.,YUM
Henry Schein Inc.,HSIC
AFLAC Inc.,AFL
Stewart Information Services C,STC
Stewardship Financial Corp.,SSFN
Unigold Inc.,UGD.V
China Finance Online Co. Ltd.,JRJC
Valhi Inc.,VHI
Deere & Company,DE
TigerLogic Corporation,TIGR
Clayton Williams Energy Inc.,CWEI
Oak Valley Bancorp,OVLY
Anika Therapeutics Inc.,ANIK
Pool Corp.,POOL
DragonWave Inc.,DRWI
Kilroy Realty Corp.,KRC
Permian Basin Royalty Trust,PBT
Lucas Energy Inc.,LEI
Owens Corning,OC
TORONTO-DOMINION BANK,TD.TO
Fly Leasing Limited,FLY
Rock-Tenn Company,RKT
Lumos Networks Corp,LMOS
Prologis Inc.,PLD
Drinks Americas Holdings Ltd.,DKAM
Chembio Diagnostics Inc.,CEMI
Rli Corp.,RLI
Compressco Partners L.P.,GSJK
Moody's Corporation,MCO
THE EASTERN COMPANY,EML
BCE Inc.,BCE
Tower International Inc.,TOWR
Vp plc,VP.L
China Telecom Corp. Ltd.,CHA
Venaxis Inc.,APPY
Las Vegas Sands Corp.,LVS
Commerzbank AG,CBK.DE
Agilysys Inc.,AGYS
Syneron Medical Ltd.,ELOS
Baxter International Inc.,BAX
Hormel Foods Corporation,HRL
MGC Diagnostics Corporation,MGCD
FIFTH THIRD BANCORP,FITB
Cimatron Ltd.,CIMT
Ballard Power Systems Inc.,BLDP
Infineon Technologies AG,IFX.DE
Atlantia,ATL.MI
Pluristem Therapeutics Inc.,PSTI
Exlservice Holdings Inc.,EXLS
Banco Macro S.A.,BMA
New Concept Energy Inc.,GBR
Twin Disc Incorporated,TWIN
Super Micro Computer Inc.,SMCI
The Allstate Corporation,ALL
Tenneco Inc.,TEN
US Physical Therapy Inc.,USPH
Old Dominion Freight Line Inc.,ODFL
Knightsbridge Tankers Limited,VLCCF
Synergetics USA Inc.,SURG
Chipotle Mexican Grill Inc.,CMG
Enanta Pharmaceuticals Inc.,ENTA
Hercules Offshore Inc.,HERO
Danaher Corp.,DHR
eHealth Inc.,EHTH
Ellington Financial LLC,EFC
Taylor Devices Inc.,TAYD
Ocean Shore Holding Co.,OSHC
Diageo plc,DGE.L
Diageo plc,DGE.PA
Friendly Hills Bank,FHLB
Korea Electric Power Corp.,KEP
Toro Co.,TTC
Abercrombie & Fitch Co.,ANF
Colony Financial Inc.,CLNY
Woodward Inc.,WWD
Ventrus Biosciences Inc.,VTUS
Dollar General Corporation,DG
Delphi Automotive Plc,DLPH
Petronet LNG Ltd.,PETRONET.BO
Harbinger Group Inc.,HRG
The Female Health Company,FHCO
Black Hills Corporation,BKH
IRIDEX Corporation,IRIX
IMI plc,IMI.L
Zebra Technologies Corp.,ZBRA
FreeSeas Inc.,FREE
Morgans Hotel Group Co.,MHGC
Skyline Corp.,SKY
VOXX International Corporation,VOXX
CareFusion Corporation,CFN
Sandy Spring Bancorp Inc.,SASR
Nikki Global Finance Ltd.,NIKKIGL.BO
Fastenal Company,FAST
Silver Bay Realty Trust Corp.,SBY
North Valley Bancorp,NOVB
Bank of Commerce Holdings,BOCH
NQ Mobile Inc.,NQ
Lagardere Groupe SCA,MMB.PA
mPhase Technologies Inc.,XDSL
Carolina Trust Bank,CART
Farmers National Banc Corp.,FMNB
Dish TV India Ltd.,DISHTV.BO
Hutchinson Technology Inc.,HTCH
Eni SpA,E
Hudson Global Inc,HSON
Usana Health Sciences Inc.,USNA
1st Enterprise Bank,FENB
J&J Snack Foods Corp.,JJSF
Flowserve Corp.,FLS
Target Corp.,TGT
PostRock Energy Corporation,PSTR
TechTarget Inc.,TTGT
Illumina Inc.,ILMN
Fairway Group Holdings Corp.,FWM
Ihs Inc.,IHS
Dendreon Corp.,DNDN
Bharat Heavy Electricals Ltd.,BHEL.NS
ProPhase Labs Inc.,PRPH
Guidance Software Inc.,GUID
Sun Communities Inc.,SUI
Churchill Downs Inc.,CHDN
Mindax Ltd.,MDX.AX
Republic First Bancorp Inc.,FRBK
Omega Protein Corporation,OME
International Game Technology,IGT
Theravance Inc.,THRX
Oxigene Inc.,OXGN
Regions Financial Corporation,RF
KVH Industries Inc.,KVHI
New York Community Bancorp Inc.,NYCB
Cellcom Israel Ltd.,CEL
Hammerson plc,HMSO.L
NB&T Financial Group Inc.,NBTF
CVC Ltd.,CVC.AX
World Fuel Services Corp.,int
Unity Bancorp Inc.,UNTY
FNB Bancorp,FNBG
McGraw Hill Financial Inc.,MHFI
The Kroger Co.,KR
Ames National Corporation,ATLO
Marin Software Incorporated,MRIN
H&E Equipment Services Inc.,HEES
EverBank Financial Corp.,EVER
Ceragon Networks Ltd.,CRNT
Valero Energy Corporation,VLO
Perfect World Co. Ltd.,PWRD
EveryWare Global Inc.,EVRY
Hanger Inc.,HGR
Pampa Energia SA,PAM
Manchester United plc,MANU
Splunk Inc.,SPLK
CubeSmart,CUBE
Cross Country Healthcare Inc.,CCRN
LRR Energy L.P.,LRE
HeidelbergCement AG,HEI.DE
Shaw Communications Inc.,SJR
Alcatel-Lucent S.A.,ALU
Rand Logistics Inc.,RLOG
Kewaunee Scientific Corp.,KEQU
Bank Mutual Corporation,BKMU
Berkshire Hills Bancorp Inc.,BHLB
The Babcock & Wilcox Company,BWC
Manhattan Bancorp,MNHN
Sunoco Logistics Partners L.P.,SXL
Hemispherx Biopharma Inc.,HEB
Ruckus Wireless Inc.,RKUS
Auxilio Inc.,AUXO
National Beverage Corp.,FIZZ
Altria Group Inc.,MO
ALCO Stores Inc.,ALCS
MediciNova Inc.,MNOV
IDEXX Laboratories Inc.,IDXX
Fauquier Bankshares Inc.,FBSS
VMware Inc.,VMW
Sotherly Hotels Inc.,SOHO
The Western Union Company,WU
Infosonics Corp.,IFON
National CineMedia Inc.,NCMI
STATE BANK OF INDIA,SBI.BO
Mikros Systems Corp.,MKRS
Cyanotech Corp.,CYAN
Mellanox Technologies Ltd.,MLNX
The J. M. Smucker Company,SJM
Universal Health Services Inc.,UHS
Gencor Industries Inc.,GENC
MaxLinear Inc.,MXL
STMicroelectronics NV,STM.PA
STMicroelectronics NV,STM
Omnicom Group Inc.,OMC
Unilever Nv,UN
Service Corporation Internatio,SCI
Amplifon,AMP.MI
Terreno Realty Corp.,TRNO
BG Group plc,BG.L
Corinthian Colleges Inc.,COCO
Nestle India Ltd.,NESTLE.BO
Donaldson Company Inc.,DCI
Attunity Ltd.,ATTU
Coherent Inc.,COHR
The Hain Celestial Group Inc.,HAIN
Neonode Inc.,NEON
Unisys Corporation,UIS
Mutualfirst Financial Inc.,MFSF
WSI Industries Inc.,WSCI
RWE AG,RWE.DE
Viad Corp,VVI
L'Oreal SA,OR.PA
TALISMAN ENERGY INC.,TLM.TO
Commercial Vehicle Group Inc.,CVGI
Array BioPharma Inc.,ARRY
Key Technology Inc.,KTEC
Navios Maritime Holdings Inc.,NM
The First Bancorp Inc.,FNLC
Plaza Bank,PLZB
Plaza Bank,PZBW
Preformed Line Products Compan,PLPC
Shanks Group PLC,SKS.L
Infoblox Inc.,BLOX
NeoMedia Technologies Inc.,NEOM
CSS Industries Inc.,CSS
Home Properties Inc.,HME
Verastem Inc.,VSTM
CorMedix Inc.,CRMD
ENGlobal Corp.,ENG
Guess' Inc.,GES
Pinnacle Bank,PBNK
Hertz Global Holdings Inc.,HTZ
CorVel Corporation,CRVL
Sierra Vista Bank,SVBA
Flanigan's Enterprises Inc.,BDL
Dynatronics Corp.,DYNT
Clasquin SA,ALCLA.PA
Daegis Inc.,DAEG
Synalloy Corporation,SYNL
Jaiprakash Associates Ltd.,JPASSOCIA.NS
Jaiprakash Associates Ltd.,JAIPRA.BO
Stonegate Bank,SGBK
VALIDUS HOLDINGS LTD.,VR
Rockwell Collins Inc.,COL
New Resource Bank,NWBN
Thermo Fisher Scientific Inc.,TMO
Cognizant Technology Solutions,CTSH
Chunghwa Telecom Co. Ltd.,CHT
Associated Banc-Corp,ASBC
Gazit-Globe Ltd.,GZT
Enbridge Energy Partners L.P.,EEP
Globalstar Inc.,GSAT
SPS Commerce Inc.,SPSC
DS Healthcare Group Inc.,DSKX
Whitbread PLC,WTB.L
Haemonetics Corporation,HAE
Uni-Pixel Inc.,UNXL
Moneysupermarket.com Group PLC,MONY.L
Vina Concha y Toro S.A.,VCO
Elmira Savings Bank,ESBK
AngioDynamics Inc.,ANGO
Entegris Inc.,ENTG
Cairn Energy plc,CNE.L
Swift Energy Co.,SFY
Cigna Corp.,CI
Yoma Strategic Holdings Ltd.,Z59.SI
Sjw Corp.,SJW
Marinemax Inc.,HZO
Mobile Mini Inc.,MINI
Rockwell Medical Inc.,RMTI
Norfolk Southern Corporation,NSC
IDEX Corporation,IEX
LMI Aerospace Inc.,LMIA
Sap AG,SAP
Phoenix Group Holdings,PHNX.L
Progressive Care Inc.,RXMD
Patterson Companies Inc.,PDCO
NATIONAL BANK OF CANADA,NA.TO
SUPERVALU Inc.,SVU
Ally Financial Inc.,ALLY
Manitex International Inc.,MNTX
Midsouth Bancorp Inc.,MSL
McDonald's Corp.,MCD
Kraft Foods Group Inc.,KRFT
Dawson Geophysical Company,DWSN
Raven Industries Inc.,RAVN
Medefile International Inc.,MDFI
Alhambra Resources Ltd.,ALH.V
Siemens Ltd.,SIEMENS.NS
Siemens Ltd.,SIEMENS.BO
Diploma PLC,DPLM.L
Resolute Energy Corporation,REN
Colgate-Palmolive Co.,CL
Leucadia National Corporation,LUK
KNOT Offshore Partners LP,KNOP
Voltari Corporation,VLTC
Tofutti Brands Inc.,TOF
Oconee Federal Financial Corp.,OFED
North State Bancorp,NSBC
QUALCOMM Incorporated,QCOM
Mitchells & Butlers plc,MAB.L
CYIOS Corp.,CYIO
Vectren Corporation,VVC
DXP Enterprises Inc.,DXPE
Xerium Technologies Inc.,XRM
Colfax Corporation,CFX
SunPower Corporation,SPWR
Progress Software Corporation,PRGS
CITIC Pacific Ltd.,0267.HK
eCareer Holdings Inc.,ECHI
Abraxas Petroleum Corp.,AXAS
Prestige Brands Holdings Inc.,PBH
USMD Holdings Inc.,USMD
Eaton Vance Corp.,EV
Goodrich Petroleum Corp.,GDP
Maiden Holdings Ltd.,MHLD
Clarcor Inc.,CLC
Nexans,NEX.PA
Eagle Materials Inc.,EXP
Schmitt Industries Inc.,SMIT
Alphatec Holdings Inc.,ATEC
Ocean Rig UDW Inc.,ORIG
German American Bancorp Inc.,GABC
Nxstage Medical Inc.,NXTM
SemGroup Corporation,SEMG
Alon Blue Square Israel Ltd.,BSI
Hardinge Inc.,HDNG
Brightcove Inc.,BCOV
Badger Meter Inc.,BMI
Dice Holdings Inc.,DHX
Spirit Realty Capital Inc.,SRC
Primo Water Corporation,PRMW
Coast Bancorp,CTBP
OFG Bancorp,OFG
Atna Resources Ltd.,ATN.TO
ICG Group Inc.,ICGE
Qiagen NV,QGEN
Headlam Group PLC,HEAD.L
Accuride Corp.,ACW
Intuitive Surgical Inc.,ISRG
PDF Solutions Inc.,PDFS
PCM Inc.,PCMI
TSR Inc.,TSRI
Luminex Corporation,LMNX
Image Sensing Systems Inc.,ISNS
Wellesley Bancorp Inc.,WEBK
TESSCO Technologies Inc.,TESS
USA Technologies Inc.,USAT
CIFC Corp.,CIFC
Anthera Pharmaceuticals Inc.,ANTH
The ExOne Company,XONE
Northstar Realty Finance Corp.,NRF
Avanir Pharmaceuticals Inc.,AVNR
Gresham Computing PLC,GHT.L
Ambarella Inc.,AMBA
Rand Capital Corporation,RAND
Acorn International Inc.,ATV
Clean Diesel Technologies Inc.,CDTI
