source-Driver,target-Year
Michael Schumacher,1994
Juan Manuel Fangio,1951
Alain Prost,1985
Sebastian Vettel,2010
Jack Brabham,1959
Jackie Stewart,1969
Niki Lauda,1975
Nelson Piquet,1981
Ayrton Senna,1988
Alberto Ascari,1952
Graham Hill,1962
Jim Clark,1963
Emerson Fittipaldi,1972
Mika H„kkinen,1998
Fernando Alonso,2005
Lewis Hamilton,2008
Michael Schumacher,1995
Michael Schumacher,2000
Michael Schumacher,2001
Michael Schumacher,2002
Michael Schumacher,2003
Michael Schumacher,2004
Juan Manuel Fangio,1954
Juan Manuel Fangio,1955
Juan Manuel Fangio,1956
Juan Manuel Fangio,1957
Alain Prost,1986
Alain Prost,1989
Alain Prost,1993
Sebastian Vettel,2011
Sebastian Vettel,2012
Sebastian Vettel,2013
Jack Brabham,1960
Jack Brabham,1966
Jackie Stewart,1971
Niki Lauda,1977
Nelson Piquet,1983
Ayrton Senna,1990
Alberto Ascari,1953
Graham Hill,1968
Jim Clark,1965
Emerson Fittipaldi,1974
Mika H„kkinen,1999
Fernando Alonso,2006
Jackie Stewart,1973
Niki Lauda,1984
Nelson Piquet,1987
Ayrton Senna,1991
