source-bank,target-city
COMMERCIAL BANK -LANTA-BANK',MOSCOW
GENERAL ELECTRIC COMPANY,STAMFORDCT
THE 77 BANKLTD.,SENDAI
MIZUHO CORPORATE BANK LTD. PARIS BRANCH,PARIS
LA BANQUE POSTALE,CHALONS EN CHAMPAGNE
BANQUE D'ESCOMPTE,PARIS
ALWATANY BANK OF EGYPT,EL MANSOURA
NATIONAL BANK OF KUWAIT (INTERNATIONAL) PLC PARIS BRANCH,PARIS
GALLIARD CAPITAL MANAGEMENT INC,MINNEAPOLISMN
SUEZ CANAL BANK,6TH OF OCTOBER
LA BANQUE POSTALE,TOULOUSE
CITY INVEST BANK,ST. PETERSBURG
BANK OF TOKYO-MITSUBISHI UFJ LTD. THE,PARIS
BANCO DE LA NACION ARGENTINA MIAMI BRANCH,MIAMIFL
AMI-BANK ZAO,MOSCOW
FAISAL ISLAMIC BANK OF EGYPT,6TH OF OCTOBER
SHINSEI BANK LTD.,TOKYO
HUA NAN COMMERCIAL BANK LTD. HOCHIMINH CITY BRANCH,HO CHI MINH CITY
LA BANQUE POSTALE,DIJON
RASGAS COMPANY LIMITED,DOHA
BANK OF KHANTY-MANSIYSK OAO,MOSCOW
AICHI BANK LTD. THE,NAGOYA
DA AFGHANISTAN BANK,KABUL
BANK FOR INVESTMENT AND DEVELOPMENT OF VIETNAM,DA NANG
COFIDIS,VILLENEUVE D'ASCQ
BAKER HUGHES INCORPORATED,HOUSTONTX
EXPORT DEVELOPMENT BANK OF EGYPT,6TH OF OCTOBER
SHINWA BANK LTD. THE,SASEBO
BANQUE EXTERIEURE D'ALGERIE,BOUSAADA
FIRST NATIONAL BANK,LINCOLNNE
FIRST NATIONAL BANK,DENVERCO
ELECTRO BANQUE,PARIS
ARAB BANKING CORPORATION EGYPT,ALEXANDRIA
SOFIPROTEOL,PARIS
STATE BANK OF INDIA QATAR FINANCIAL CENTRE BRANCH,DOHA
CLF BANQUE,PARIS
SMBC NIKKO SECURITIES INC.,TOKYO
EL OROUBA BROKERAGE FIRM,CAIRO
MUBASHER TRADE,GIZA
BANCOMER TRANSFER SERVICES INC.,HOUSTONTX
FAISAL ISLAMIC BANK OF EGYPT,DAMANHOUR
AL KHALIJ COMMERCIAL BANK,DOHA
NATIONAL BANK OF GREECE (EGYPT NETWORK),GIZA
BANQUE DE REALISATIONS DE GESTION ET DE FINANCEMENT,CLICHY
BANQUE EXTERIEURE D'ALGERIE,SAIDA
EURONEXT PARIS S.A.,PARIS
BANK OF CHINA,HO CHI MINH CITY
EGYPTIAN ARAB LAND BANK,TANTA
EGYPTIAN ARAB LAND BANK,EL ZAGAZIG
HONEST BROKERAGE,CAIRO
BM SOFTWARE,NICE
BANQUE TARNEAUD,LIMOGES
BANK OF KHANTY-MANSIYSK OAO,ST. PETERSBURG
ENERGOBANK,KAZAN
JOINT STOCK COMMERCIAL BANK FOR FOREIGN TRADE OF VIETNAM,CAN THO
BANK FOR INVESTMENT AND DEVELOPMENT OF VIETNAM,HANOI
EULER HERMES SFAC CREDIT,PARIS
ENERGOTRANSBANK,KALININGRAD
CHUVASHCREDITPROMBANK OAO,CHEBOKSARY
BANK OF KHANTY-MANSIYSK OAO,BEREZOVO
BANQUE EXTERIEURE D'ALGERIE,ALGIERS
FDI FRANCE,LA MOTTE-SERVOLEX
BANQUE PSA FINANCE SA,PARIS
LA BANQUE POSTALE ASSET MANAGEMENT,PARIS
QINVEST LLC,DOHA
SVENSKA HANDELSBANKEN AB,RIGA
BANK OF TOKYO-MITSUBISHI UFJ LTD. THE,OSAKA
CITIBANK CAIRO,CAIRO
INDUSTRIAL DEVELOPMENT AND WORKERS BANK OF EGYPT,THE TENTH OF RAMADAN
BANK OF TOKYO-MITSUBISHI UFJ LTD. THE,SAPPORO
CHITAPROMSTROYBANK OAO,CHITA
BOISSIERE FINANCE,RUEIL MALMAISON
CHELINDBANK,MAGNITOGORSK
FIRST NATIONAL BANK,OMAHANE
CAISSE D'EPARGNE DES PAYS DE L'ADOUR,DAX
NATIONAL BANK FOR DEVELOPMENT,ALEXANDRIA
CATERPILLAR INC.,PEORIAIL
FAISAL ISLAMIC BANK OF EGYPT,ASWAN
DANSKE BANK A/SLATVIJA BRANCH,RIGA
ROYAL BANK OF SCOTLAND PLC (FORMER ABN AMRO BANK N.V.),TOKYO
BANQUE EXTERIEURE D'ALGERIE,LAGHOUAT
DAISAN BANK LTD. THE,MATSUSAKA
BLOM BANK EGYPT S.A.E.,ISMAILIA
ALMAZERGIENBANK,YAKUTSK
SUMISHO COMPUTER SYSTEMS CORPORATION,TOKYO
ABBEY NATIONAL SECURITIES INC.,STAMFORDCT
RBS SECURITIES JAPAN LIMITED TOKYO BRANCH,TOKYO
BANK OF CHINA PARIS BRANCH,PARIS
BANK OF CHINA,YOKOHAMA
CREDIT SUISSE AG PARIS BRANCH,PARIS
SWIFT CUSTOMER SERVICE CENTRE JAPAN,CUSTOMER SERVICE CENTRE JP
BNP-PARIBAS SA,PARIS
FIRST HAWAIIAN BANK,HONOLULUHI
CREDIT-MOSCOW BANK,MOSCOW
DEXIA CREDIT LOCAL,PARIS
ACCENTURE INSURANCE SERVICES,MAISONS LAFFITTE
CHANG HWA COMMERCIAL BANK LTD. NEW YORK BRANCH,NEW YORKNY
CREDIT LYONNAIS,PARIS
BANK FOR INVESTMENT AND DEVELOPMENT OF VIETNAM,BIEN HOA
VINCI CONSTRUCTION FRANCE,NANTERRE
DEXIA BANK CJSC,MOSCOW
ECONOMIC GROUP,GIZA
AVERY DENNISON CORPORATION,PASADENACA
HSBC SECURITIES EGYPT S.A.E.,CAIRO
THE ROYAL BANK OF SCOTLAND N.V. (FRANCE),PARIS
AL KHALIJI FRANCE S.A.,PARIS
THE NOMURA TRUST AND BANKING CO. LTD.,TOKYO
LA BANQUE POSTALE,MONTPELLIER
AVERS BANK,KAZAN
NATIXIS,CERGY PONTOISE
SUMITOMO MITSUI BANKING CORPORATION EUROPE LIMITED,PARIS
EURONEXT PARIS S.A.,LYON
ATLANTIC CENTRAL BANKERS BANK,CAMP HILLPA
BANCO BILBAO VIZCAYA ARGENTARIA NEW YORK,NEW YORKNY
ASSOCIATED FOREIGN EXCHANGE INC,ENCINOCA
JOINT STOCK COMMERCIAL BANK FOR FOREIGN TRADE OF VIETNAM,BUON MA THUOT
EGYPTIAN ARAB LAND BANK,EL MENIA
FAR EASTERN COMMERCIAL BANK OAO,BLAGOVESHCHENSK
SURUGA BANK LTD. THE,TOKYO
BANK OF LATVIA,RIGA
BANK HAPOALIM B.M.,MIAMIFL
BANQUE EXTERIEURE D'ALGERIE,M'SILA
EGYPTIAN GULF BANK,CAIRO
CITADEL INVESTMENT GROUP L.L.C.,CHICAGOIL
NATIONAL BANK OF ABU DHABI,CAIRO
SHINHAN BANK JAPAN,TOKYO
BANK OF CHINA,NAGOYA
BANK ROSSIYSKY KAPITAL,MOSCOW
CHEMICAL BANK,MIDLANDMI
BANQUE EXTERIEURE D'ALGERIE,ARZEW
EGYPTIAN ARAB LAND BANK,ARISH
EAST-EUROPEAN TRUST BANK,MOSCOW
BANQUE EXTERIEURE D'ALGERIE,BOUIRA
EASTBRIDGE BANK,MOSCOW
BANK OF COMMUNICATIONS TOKYO BRANCH,TOKYO
BANQUE EXTERIEURE D'ALGERIE,BLIDA
CB RABOBANK (CLOSED JOINT-STOCK COMPANY),MOSCOW
GOLDEN BANK N.A.,HOUSTONTX
ABERCROMBIE AND FITCH CO.,NEW ALBANYOH
PRINCIPAL BANK FOR DEVELOPMENT AND AGRICULTURAL CREDIT,ZAKAZIK
WESTLB AG PARIS,PARIS
ARAB AFRICAN INTERNATIONAL BANK,CAIRO
BANQUE POPULAIRE VAL DE FRANCE,MONTIGNY LE BRETONNEUX
HA BROKERAGE COMPANY,GIZA
BUSINESS DEVELOPMENT BANK,MOSCOW
THE LATVIA BRANCH OF BANK SNORAS,RIGA
BANESCO USA,CORAL GABLESFL
BANK FOR INVESTMENT AND DEVELOPMENT OF VIETNAM,YEN BAI
CAISSE D'EPARGNE D'ILE DE FRANCE OUEST,SAINT QUENTIN EN YVELINES
EGYPTIAN ARAB LAND BANK,DOMIAT
COMMERCIAL BANK OF INDIA OOO,MOSCOW
UNITED BANK LIMITED DOHA,DOHA
ADP GLOBAL PROXY SERVICES,EDGEWOODNY
SOCIETE GENERALE,PARIS
CHINA CONSTRUCTION BANK CORPORATION TOKYO BRANCH,TOKYO
COMMERCIAL BANK -LANTA-BANK',KUYBISHEV
QATAR TELECOM (QTEL) Q.S.C,DOHA
EGYPTIAN ARAB LAND BANK,EL MANSOURA
BANK OF KHANTY-MANSIYSK OAO,NOVOSIBIRSK
CIBC WORLD MARKETS CORP.,NEW YORKNY
BANK OF INDIA,TOKYO
QATAR INVESTMENT AUTHORITY,DOHA
EKATERINBURG BANK,EKATERINBURG
UNION TUNISIENNE DE BANQUES,PARIS
COMMERCIAL BANK -LANTA-BANK',NOVOSIBIRSK
ARAB BANK PLC,CAIRO
FIRST NATIONAL BANK,BOULDERCO
BCS BANK,NOVOSIBIRSK
CREDIT DU MAROC - SUCCURSALE DE PARIS,PARIS
LA BANQUE POSTALE,GRENOBLE
ABU DHABI INTERNATIONAL BANK INC.,WASHINGTONDC
BANK OF ALGERIA,ALGIERS
BANQUE POPULAIRE RIVES DE PARIS,PARIS
SOCIETE MARSEILLAISE DE CREDIT,MARSEILLE
COMMONWEALTH BANK OF AUSTRALIA,TOKYO
BANQUE EXTERIEURE D'ALGERIE,EL-OUED
COMPAGNIE DE SAINT-GOBAIN,COURBEVOIE
HSBC BANK (VIETNAM) LTD.,HO CHI MINH CITY
SUEZ CANAL BANK,SHARM EL SHEIKH
FIRST BANK,LAKEWOODCA
BANK OF NOVA SCOTIATHE,CAIRO
COMMERCIAL BANK NOYABRSKNEFTEKOMBANK,NOYABRSK
LEHMAN BROTHERS INTERNATIONAL (EUROPE) PARIS BRANCH,PARIS
BANCO ESTADO DE CHILE NEW YORK BRANCH.,NEW YORKNY
BANQUE FEDERALE DES BANQUES POPULAIRES (BANQUES POPULAIRES REGIONALES),PARIS
CREDIT AGRICOLE CHEUVREUX,COURBEVOIE
EXANE S.A.,PARIS
FIRST TENNESSEE BANK N.A.,KNOXVILLETN
AFGAN UNITED BANK,KABUL
BALTIK DEVELOPMENT BANK,VLADIVOSTOK
CAISSE CENTRALE DU CREDIT IMMOBILIER DE FRANCE,PARIS
BANQUE EXTERIEURE D'ALGERIE,BATNA
SHIGA BANK LTD. THE,OTSU
BANQUE BCP,PARIS
THE BANK OF NEW YORK MELLON TOKYO BRANCH,TOKYO
UNION NATIONAL BANK-EGYPT S.A.E.,CAIRO
LAMINES MARCHANDS EUROPEENS,TRITH SAINT LEGER
SHINHAN BANK JAPAN,FUKUOKA
AGILENT TECHNOLOGIES INC,SANTA CLARACA
TREASURY OF THE REPUBLIC OF LATVIA THE,RIGA
BANK OF TAIWAN TOKYO BRANCH,TOKYO
BNP PARIBAS LE CAIRE,ALEXANDRIA
LLOYDS TSB BANK PLC PARIS,PARIS
BANCO SANTANDER INTERNATIONAL,MIAMIFL
LA BANQUE POSTALE,LILLE
CAPITAL KREDIT LTD,MOSCOW
CITIBANK JAPAN LTD.,TOKYO
ALTA-BANK ZAO,MOSCOW
BANQUE EXTERIEURE D'ALGERIE,HASSI-MESSAOUD
LA BANQUE POSTALE,ROUEN
BNP PARIBAS FUND SERVICES SAS,PARIS
CENTRAL PACIFIC BANK,HONOLULUHI
DRESDNER BANK ZAO,ST. PETERSBURG
EGYPTIAN ARAB LAND BANK,HURGHADA
CHICAGO MERCANTILE EXCHANGE,CHICAGOIL
FIRST DATA CORPORATION,GREENWOOD VILLAGECO
CATHAY UNITED BANK LOS ANGELES AGENCY DBA CUBT,LOS ANGELESCA
EGYPTIAN ARAB LAND BANK,6TH OF OCTOBER
HSBC FRANCE,MARSEILLE
QATAR DEVELOPMENT BANK,DOHA
SAITAMA RESONA BANK LIMITED,TOKYO
SUEZ CANAL BANK,TANTA
AMEGY BANK N.A.,HOUSTONTX
SGAM BANQUE (FORMERLY BAREP BANQUE),COURBEVOIE
BARCLAYS BANK - EGYPT S.A.E.,CAIRO
BANK FOR INVESTMENT AND DEVELOPMENT OF VIETNAM,KHANH HOA
CHELYABINVESTBANK,MAGNITOGORSK
THALES SA,NEUILLY SUR SEINE
KOREA EXCHANGE BANK,PARIS
FAISAL ISLAMIC BANK OF EGYPT,TANTA
FAISAL ISLAMIC BANK OF EGYPT,EL ZAGAZIG
BANCA IMI SECURITIES CORP.,NEW YORKNY
BLOM BANK EGYPT S.A.E.,ALEXANDRIA
DRESDNER BANK ZAO,MOSCOW
CAPITAL ONE N.A.,NEW YORKNY
EGYPTIAN GULF BANK,THE TENTH OF RAMADAN
FINANCIAL BROKERAGE GROUP (FBG),CAIRO
ALCATEL-LUCENT,PARIS
COMMONWEALTH BANK OF AUSTRALIA HO CHI MINH CITY,HO CHI MINH CITY
NATIONAL BANK OF ABU DHABI,PARIS
BANGKOK BANK PCL,HANOI
NATIXIS,BORDEAUX
BALTINVESTBANK OAO,ST. PETERSBURG
BNP PARIBAS ASSET MANAGEMENT,PARIS
ABSOLUT BANK,MOSCOW
ARAB BANK PLC,THE TENTH OF RAMADAN
BANK OF TOKYO-MITSUBISHI UFJ LTD. THE,KOBE
BANK OF KHANTY-MANSIYSK OAO,TYUMEN
ARABEYA ON LINE,CAIRO
LA BANQUE POSTALE,STRASBOURG
OSEO FINANCEMENT,MAISONS ALFORT
COSMO SECURITIES CO. LTD.,TOKYO
UBS (FRANCE) S.A.,PARIS
BANK LEUMI USA,LOS ANGELESCA
BNP PARIBAS VOSTOK,MOSCOW
SOCIETE ARABE INTERNATIONALE DE BANQUE,ALEXANDRIA
AHLI UNITED BANK (EGYPT) S.A.E.,ALEXANDRIA
BORAK SECURITIES COMPANY,CAIRO
CAISSE D'EPARGNE NORD FRANCE EUROPE,LILLE
CREDIT MUTUEL - CIC BANQUES,PARIS
AN BINH COMMERCIAL JOINT STOCK BANK,HANOI
BANQUE EXTERIEURE D'ALGERIE,OUM EL BOUAGHI
CNCE GESTITRES,IVRY-SUR-SEINE
MASRAF AL RAYAN,DOHA
BANK OF KYOTOLTD.THE,KYOTO
CRC MARIT MUTUEL DU LITTORAL SUD OUEST,LA ROCHELLE
EGYPTIAN SAUDI FINANCE BANK,6TH OF OCTOBER
AMERICAN PERSPECTIVE BANK,SAN LUIS OBISPOCA
CREDIT SUISSE SECURITIES (JAPAN) LTD.,TOKYO
NATIONAL BANK OF PAKISTAN KABUL BRANCH,KABUL
ENERGOMASHBANK PLC,ST. PETERSBURG
DEXIA MUNICIPAL AGENCY PARIS,PARIS
FIRST COMMERCIAL BANK LTD. NEW YORK BRANCH,NEW YORKNY
BAKHTAR BANK,KABUL
BANK CAPITAL-MOSCOW,MOSCOW
CISCO SYSTEMS INC,SAN JOSECA
BANCA CARIGE SPA,NICE
BANQUE POPULAIRE COTE D'AZUR,NICE
SUEZ SA,PARIS
MCSD MISR FOR CLEARINGDEPOSITORY AND REGISTRY,CAIRO
ALTICOR INC,ADAMI
EGYPTIAN ARAB LAND BANK,ASWAN
NATIONAL BANK OF OMAN (SAOG),CAIRO
GURANTEE FOR BROKERAGE,CAIRO
BANQUE POPULAIRE LOIRE ET LYONNAIS,LYON
BNP PARIBAS EQUITIES FRANCE,PARIS
D.I.M.O. GESTION,LIMONEST
LYXOR INTERNATIONAL ASSET MANAGEMENT,PARIS
CAPITAL ONEN.A.,NEW ORLEANSLA
CENTRAL BANK OF EGYPT CAIRO,PORT SAID
GLOBEFLEX CAPITAL L.P.,SAN DIEGOCA
ABACUS FEDERAL SAVINGS BANK,NEW YORKNY
AS DNB NORD BANKA,RIGA
BANK FOR INVESTMENT AND DEVELOPMENT OF VIETNAM,HUE CITY
ATTIJARIWAFA BANK,PARIS
ECONOMIC UNION BANK,MOSCOW
SUEZ CANAL BANK,EL MENIA
AOMORI BANK LTD. THE,AOMORI
BSI-IFABANQUE SA,PARIS
GOLDMAN SACHS BANK USA (FORMERLY THE GOLDMAN SACHS TRUST COMPANY),JERSEY CITYNJ
DELTA RASMALA SECURITIES,GIZA
BNP PARIBAS ARBITRAGE,PARIS
NATIXIS,RENNES
BANCO DAVIVIENDA S.A.,MIAMIFL
COMMERCIAL BANK MAST BANK (JOINT STOCK COMPANY),MOSCOW
CALYON,HANOI
ABB BANK,MOSCOW
EUROPEENE DE GESTION PRIVEE,TOULOUSE
FIRST AMERICAN BANK,ELK GROVE VILLAGEIL
KABUL BANK,KABUL
JSC CITADELE BANKA,RIGA
BANK OF KHANTY-MANSIYSK OAO,NYAGAN
CAIXA D'ESTALVIS DE CATALUNYA,PERPIGNAN
EGYPTIAN INVESTOR PROTECTION FUND,CAIRO
ARAB BANK PLC ALGERIA,ALGIERS
BNP PARIBAS FINAMS,PARIS
BANK FOR INVESTMENT AND DEVELOPMENT OF VIETNAM,THANH MOA
EVRAZBANK OOO,NEMCHINOVKA
HSBC FRANCE,NANCY
SEB BANKA,RIGA
AGROIMPULS JOINT STOCK COMMERCIAL BANK,VORONEZH
DELTACREDIT CB ZAO,MOSCOW
CITIBANK N.A.,DOHA
DEUTSCHE SECURITIES INC.,TOKYO
SBI SUMISHIN NET BANK LTD.,TOKYO
AVTOGRADBANK,NABEREZHNYE CHELNY
BANK SEPAH,PARIS
FREDDIE MAC,MCLEANVA
BANK FOR INVESTMENT AND DEVELOPMENT OF VIETNAM,VINH PHUC
HSBC FRANCE,TOURCOING
AL ROWAD FOR SECURITIES BROKERAGE,GIZA
BANCO ESPIRITO SANTO,NEW YORKNY
BANKHAUS ERBE,MOSCOW
BANQUE EXTERIEURE D'ALGERIE,CHLEF
THE UNITED BANK,CAIRO
AMAN SECURITIES COMPANY,CAIRO
BANCOLOMBIA S.A. MIAMI AGENCY,MIAMIFL
BANK FOR INVESTMENT AND DEVELOPMENT OF VIETNAM,BINH THUAN
ALJBA ALLIANCE,MOSCOW
LAFARGE SA,PARIS
SVENSKA HANDELSBANKEN AB,PARIS
AIZKRAUKLES BANKA,RIGA
SAUDI EGYPTION CO. FOR SECURITIES BROKERAGE,CAIRO
BFG-CREDIT BANK,MOSCOW
AMERICAN EXPRESS TRAVEL RELATED SERVICES CO.INC. (TRAVELERS CHEQUE  OPER.CTR.),SALT LAKE CITYUT
CAISSE D'EPARGNE ILE DE FRANCE NORD,CERGY PONTOISE
SUEZ CANAL BANK,DOMIAT
CENTROKREDIT BANK,MOSCOW
AL SHOROUK BROKERAGE CO.,CAIRO
CALYON,HO CHI MINH CITY
INDUSTRIAL AND COMMERCIAL BANK OF CHINA LIMITED,DOHA
CAISSE D'EPARGNE COTE D'AZUR,NICE
BANK OF ALEXANDRIA S A E,PORT SAID
FAISAL ISLAMIC BANK OF EGYPT,DOMIAT
BANQUE DE GESTION PRIVEE-SIB,PARIS
BANK OF FUKUOKA LTD. THE,FUKUOKA
EGYPTIAN KUWAITI SECURITIES COMPANY,CAIRO
ALWATANY BANK OF EGYPT,SOHAG
BANQUE NEUFLIZE OBC,PARIS
HSBC FRANCE,MULHOUSE
MIRAGE BROKERAGE,GIZA
PROCAPITAL SA,PARIS
CAISSE D'EPARGNE DE LORRAINE CHAMPAGNE-ARDENNE,METZ
MASHREQ BANK,CAIRO
PIRAEUS BANK - EGYPT S.A.E.,CAIRO
ARCELOR TREASURY SNC,SAINT DENIS
CAISSE D'EPARGNE LOIRE CENTRE,ORLEANS
SUEZ CANAL BANK,PORT SAID
BANK FOR INVESTMENT AND DEVELOPMENT OF VIETNAM,GIA LAI
ABE CLEARING SAS/EBA CLEARING (SYSTEM OPERATOR),PARIS
THE ROOTS STOCK-BROKERAGE HOUSE,CAIRO
MORTGAGE AND LAND BANK OF LATVIA,RIGA
CAISSE D'EPARGNE ILE DE FRANCE,PARIS
CHELINDBANK,SATKA
EURO-VL,LEVALLOIS PERRET
FIRST NATIONS BANK,CHICAGOIL
AVTOVAZBANK OPEN JOINT-STOCK COMPANY,TOGLIATTI
SKANDINAVISKA ENSKILDA BANKEN PARIS BRANCH,PARIS
BPCE,PARIS
CHOLET DUPONT SA,PARIS
SHOKO CHUKIN BANK LTD. THE,TOKYO
ARAB BANKING CORPORATION,NEW YORKNY
ARVEST BANK,TULSAOK
BANQUE DE BRETAGNE,RENNES
BANQUE EXTERIEURE D'ALGERIE,BOUMERDES
BANQUE EXTERIEURE D'ALGERIE,BECHAR
IKB DEUTSCHE INDUSTRIEBANK A.G. SUCCURSALE DE PARIS,PARIS
CAISSE NATIONALE DES CAISSES D'EPARGNE ET DE PREVOYANCE,PARIS
AMAGASAKI SHINKIN BANK THE,AMAGASAKI
BANQUE D'ORSAY,PARIS
OPTIMA SECURITIES BROKERAGE,CAIRO
BANQUE EXTERIEURE D'ALGERIE,DJELFA
BANK24.RU OAO,EKATERINBURG
MISR IRAN DEVELOPMENT BANK,6TH OF OCTOBER
COMMERZBANK (EURASIJA) SAO,MOSCOW
INDUSTRIAL DEVELOPMENT AND WORKERS BANK OF EGYPT,CAIRO
OSEO GARANTIE,MAISONS ALFORT
NATIONAL BANK OF ABU DHABI,ASSUIT
ALEF-BANK,MOSCOW
BGFI INTERNATIONAL,PARIS
NATIONAL BANK FOR DEVELOPMENT,CAIRO
ARAB INVESTMENT BANK,ALEXANDRIA
BANCO DE LA NACION ARGENTINA,NEW YORKNY
CAISSE D'EPARGNE RHONE ALPES,LYON
COMMERZBANK AG PARIS BRANCH (FORMERLY DRESDNER BANK AG PARIS BRANCH),PARIS
FAURECIA,NANTERRE
NATIONAL POST ORGANIZATION,CAIRO
AS -PRIVATBANK',RIGA
PHARAONIC BROKERAGE CO.,CAIRO
SUEZ CANAL BANK,BOURG EL ARAB
GOLDMAN SACHS BANK USA (FORMERLY GOLDMAN SACHS CAPITAL MARKETS L.P.),NEW YORKNY
PRINCIPAL BANK FOR DEVELOPMENT AND AGRICULTURAL CREDIT,CAIRO
QATAR FIRST INVESTMENT BANK,DOHA
TASWEEQ,DOHA
BANCO DO BRASIL S.A.,PARIS
BANQUE DE L'AGRICULTURE ET DE DEVELOPPEMENT RURAL,ALGIERS
BANQUE INTERNATIONALE DE COMMERCE-BRED,PARIS
BANQUE MICHEL INCHAUSPE - BAMI,SAINT JEAN PIED DE PORT
BNP PARIBAS ZAO MOSCOW,MOSCOW
FAISAL ISLAMIC BANK OF EGYPT,EL MANSOURA
GFX CORPORATION,CHICAGOIL
AMERICAN INTERNATIONAL GROUP GLOBAL INVESTMENT GROUP,NEW YORKNY
ALWATANY BANK OF EGYPT,6TH OF OCTOBER
HOUSING DEVELOPMENT COMMERCIAL J.S. BANK - HCMC,HANOI
JOINT STOCK COMMERCIAL BANK FOR FOREIGN TRADE OF VIETNAM,DONG NAI
BANK OF CHINA (ELUOSI),MOSCOW
BARCLAYS BANK PLC,TOKYO
NATIXIS,MARSEILLE
SUEZ CANAL BANK,EL MANSOURA
ELECTRICITE DE FRANCE,PARIS
BANK OF KHANTY-MANSIYSK OAO,RADUZHNY
CHANG HWA COMMERCIAL BANK LTD. TOKYO BRANCH,TOKYO
BANK OF KHANTY-MANSIYSK OAO,YUGORSK
CITY EXCHANGE CO. W.L.L,DOHA
CORPORATE FINANCE BANK,MOSCOW
BANCO DO BRASIL S.A,NEW YORKNY
BANK HAPOALIM B.M.,WASHINGTONDC
BARCLAYS BANK LLC,MOSCOW
FIRST GENERAL BANK,ROWLAND HEIGHTSCA
BANK OF TOKYO-MITSUBISHI UFJ LTD.THE,TOKYO
BANQUE EXTERIEURE D'ALGERIE,GHAZAOUET
BANQUE EXTERIEURE D'ALGERIE,SIG
ARAB INTERNATIONAL BANK,PORT SAID
BANCA INTESA ZAO MOSCOW,MOSCOW
BANK OF FUKUOKA LTD. THE,TOKYO
BANK AUDI SARADAR FRANCE,PARIS
GBC INTERNATIONAL BANK,MONTEREY PARKCA
EGYPTIAN ARAB LAND BANK,SHOROUK
BANK OF NAGOYA LTD.  THE,NAGOYA
FISCHER FRANCIS TREES AND WATTS INC.,NEW YORKNY
SAFRAN,PARIS
NATIONAL BANK OF ABU DHABI,LUXOR
BANQUE POPULAIRE DU SUD-OUEST,BORDEAUX
BLOM BANK FRANCE,PARIS
CITIBANK CAIRO,ALEXANDRIA
KEPLER CAPITAL MARKETS,PARIS
THE SENSHU IKEDA BANK LTD.,OSAKA
AK BARS BANK OAO,KAZAN
HOUSING DEVELOPMENT COMMERCIAL J.S. BANK - HCMC,HO CHI MINH CITY
FORTIS BANQUE FRANCE,PUTEAUX
HSBC FRANCE,BORDEAUX
AF BANK,UFA
ETS J SOUFFLET,NOGENT SUR SEINE
HSBC BANK MIDDLE EAST LIMITED,DOHA
ACI CAPITAL GROUP LLC,NEW YORKNY
ECONOMBANK ZAO,SARATOV
Bank or Institution,City
ALNOURAN BROKERAGE AND SECURITIES,CAIRO
CP OR DEVISES,PARIS
FIRST NATIONAL BANK,FORT COLLINSCO
TYCOON FOR SECURITIES,CAIRO
AL SALAM BANK ALGERIA,ALGIERS
BRAC AFGHANISTAN BANK,KABUL
PASHTANY BANK,KABUL
BANQUE EXTERIEURE D'ALGERIE,MASCARA
EGYPTIAN SAUDI FINANCE BANK,THE TENTH OF RAMADAN
COMMERCIAL BANK OF QATAR LTD.,DOHA
DAISHI BANK LTD.THE,TOKYO
SHONAI BANK LTD. THE,TOKYO
INVESCO GESTION,PARIS
SOCIETE MARSEILLAISE DE CREDIT,AIX EN PROVENCE
ARAB BANK PLC,6TH OF OCTOBER
BANQUE SAFRA,PARIS
CITIBANK N.A.,HANOI
BANK FOR INVESTMENT AND DEVELOPMENT OF VIETNAM,BINH DINH
VIVENDI,PARIS
ORBEO,PARIS
BOX AND AUTOMATION SOLUTION,PARIS
BANQUE EXTERIEURE D'ALGERIE,CONSTANTINE
CHINATRUST COMMERCIAL BANK,NEW YORKNY
BANK SADERAT IRAN,DOHA
BANQUE PRIVEE 1818,PARIS
CRC MARIT MUT ATLANTIQUE,SAINT HERBLAIN
FIRST NATIONAL BANK,OVERLAND PARKKS
METROPOLE GESTION,PARIS
NATIXIS,TOULOUSE
BANCO ESPIRITO SANTO DE INVESTIMENTO S.A.,NEW YORKNY
FROST BANK,SAN ANTONIOTX
SOCIETE ARABE INTERNATIONALE DE BANQUE,6TH OF OCTOBER
BANQUE AL-BARAKA D'ALGERIE,ALGIERS
INDUSTRIAL DEVELOPMENT AND WORKERS BANK OF EGYPT,TANTA
BANK FOR INVESTMENT AND DEVELOPMENT OF VIETNAM,DONG THAP
CENTRAL BANK OF RUSSIAN FEDERATION,MOSCOW
CHELYABINVESTBANK,ZLATOUST
CAIXA GERAL DE DEPOSITOS,PARIS
NATIONAL SOCIETE GENERALE BANK S.A.E.,CAIRO
BANQUE MISR,ALEXANDRIA
EUROCREDIT COMMERCIAL BANK LTD LIABILITY COMPANY,MOSCOW
CREDIT BANK OF MOSCOW (OPEN JOINT STOCK COMPANY),MOSCOW
HSBC FRANCE,LYON
CAP GEMINI SERVICE SAS,PARIS
CNP ASSURANCES,PARIS
EUROTRUST CB ZAO,MOSCOW
BANK HAPOALIM B.M.,CHICAGOIL
CHELINDBANK,CHELYABINSK
EKATERININSKIJ APB OAO,MOSCOW
SAMBA TADAWOL MISR BROKERAGE,GIZA
FIRST BANK OF MIAMI,CORAL GABLESFL
BANK OF IWATE LTD. THE,MORIOKA
CHUKYO BANK LIMITED THE,NAGOYA
EGYPTIAN SAUDI FINANCE BANK,ALEXANDRIA
PHAROS SECURITIES,CAIRO
FIRST QUADRANT L.P.,PASADENACA
PRINCIPAL BANK FOR DEVELOPMENT AND AGRICULTURAL CREDIT,TANTA
CITIBANK N.A.,HO CHI MINH CITY
EGYPTIAN AMERICAN CO. FOR BROKERAGE,GIZA
HSBC FRANCE,GRENOBLE
SUEZ CANAL BANK,ISMAILIA
BANK NEGARA INDONESIA (PERSERO) PT. TOKYO BRANCH,TOKYO
BANQUE CHAABI DU MAROC,PARIS
NATIXIS,DIJON
SOCIETE CENTRALE DE CREDIT MARITIME MUTUEL,PARIS
SOCIETE MARSEILLAISE DE CREDIT,VALENCE
BANK FOR INVESTMENT AND DEVELOPMENT OF VIETNAM,HAIPHONG
BANCO DE BOGOTA MIAMI AGENCY,MIAMIFL
BANQUE POPULAIRE PROVENCALE ET CORSE,MARSEILLE
DOHA BANK,DUKHAN
LAZARD FRERES BANQUE,PARIS
ASSOTSIATSIYA BANK,NIZHNIY NOVGOROD
CAPITAL RESEARCH AND MANAGEMENT COMPANY,BREACA
ANZ BANK(VIETNAM) LIMITED,HANOI
BANK SADERAT IRAN - PARIS BRANCH,PARIS
BANQUE RHONE ALPES,GRENOBLE
BNP PARIBAS SECURITIES (JAPAN) LTD.,TOKYO
JOINT STOCK COMMERCIAL BANK FOR FOREIGN TRADE OF VIETNAM,BAC NINH
FINANCIERE BOURBON,MARSEILLE
BANQUE EXTERIEURE D'ALGERIE,GUELMA
BANQUE ESPIRITO SANTO ET DE LA VENETIE,PARIS
NATIXIS,LE HAVRE
FOSTER BANK,CHICAGOIL
NATIXIS,PARIS
ODDO ET CIE ENTREPRISE D'INVESTISSEMENT,PARIS
BANCO ESPANOL DE CREDITO,NEW YORKNY
MEGA INVESTMENTS SECURITIES,GIZA
BLOM BANK EGYPT S.A.E.,HURGHADA
GIE AXA FRANCE,PARIS
BANCO DO BRASIL S.A,MIAMIFL
NATIXIS,SAINT QUENTIN EN YVELINES
AVANGARD BANK,MOSCOW
QATAR ISLAMIC BANK,DOHA
BANQUE DU CAIRE,CAIRO
CREDIT SUISSE AG TOKYO BRANCH,TOKYO
BANQUE DUPUY DE PARSEVAL,SETE
RABOBANK SUCCURSALE DE PARIS,PARIS
COMMERCIAL BANK SUMMIT BANK OPEN JOINT STOCK COMPANY,BOLSHOY KAMEN
SUGAMO SHINKIN BANK THE,TOKYO
TOHO BANK LTD. THE,FUKUSHIMA
AVM L.P.,BOCA RATONFL
BANK FOR INVESTMENT AND DEVELOPMENT OF VIETNAM,BAC GIANG
BLOM BANK EGYPT S.A.E.,6TH OF OCTOBER
AFGHANISTAN INTERNATIONAL BANK,KABUL
AKIBANK JSC,NABEREZHNYE CHELNY
HABIB BANK LIMITED,KABUL
EUROMET BANK,MOSCOW
JOINT STOCK COMMERCIAL BANK FOR FOREIGN TRADE OF VIETNAM,DA NANG
MULTI ACCES BANQUE,PARIS
NATIXIS,NANTES
BANK FOR INVESTMENT AND DEVELOPMENT OF VIETNAM,LANG SON
BANK OF SAGA LTD. THE,SAGA
CIBC ALLIANCE GROUP,MOSCOW
NATIONAL BANK OF ABU DHABI,6TH OF OCTOBER
ANZ BANK(VIETNAM) LIMITED,HO CHI MINH CITY
EGYPTIAN GULF BANK,6TH OF OCTOBER
BAC FLORIDA BANK,MIAMIFL
BYBLOS BANK EUROPE S.A. (PARIS BRANCH),PARIS
EGYPTIAN SAUDI FINANCE BANK,AL MANSORA
APTAR GROUP SAS,SAINT GERMAIN EN LAYE
COMMERCIAL BANK -SOVINCOM',MOSCOW
ALSYON TECHNOLOGIES,LE VESINET
FISHER INVESTMENTS,WOODSIDECA
QATARGAS OPERATING CO LTD,DOHA
BANK BCC-MOSCOW,MOSCOW
BANK OF NOVA SCOTIATHE,TOKYO
NATIONAL BANK OF ABU DHABI,HURGHADA
TRASTA KOMERCBANKA,RIGA
DOHA BANK,UMM SAID
DYNAMIC SECURITIES TRADING,GIZA
UNION NATIONAL BANK-EGYPT S.A.E.,SUEZ
BANQUE POPULAIRE LORRAINE CHAMPAGNE,METZ
BANK OF KHANTY-MANSIYSK OAO,MEGION
HSBC BANK EGYPT,CAIRO
SOCIETE ARABE INTERNATIONALE DE BANQUE,SUEZ
AHLI UNITED BANK (EGYPT) S.A.E.,SUEZ
FAR EASTERN BANK OAO,VLADIVOSTOK
EGYPTIAN ARAB LAND BANK,ALEXANDRIA
BANCO INDUSTRIAL DE VENEZUELA,NEW YORKNY
DECATHLON SA,VILLENEUVE D'ASCQ
NTT DATA GETRONICS CORPORATION,KAWASAKI-SHI
RESONA BANK LTD. TRUST DEP.,TOKYO
FBN BANK UK LTD,PARIS
STANDARD FOR SECURITIES,CAIRO
BANQUE CHAIX,AVIGNON
COUNCIL OF EUROPE DEVELOPMENT BANK,PARIS
ARAB AFRICAN INTERNATIONAL BANK,6TH OF OCTOBER
BANQUE EXTERIEURE D'ALGERIE,EL MILIA
BANK FOR INVESTMENT AND DEVELOPMENT OF VIETNAM,CAN THO
AREVA SA,PARIS
BANK OF KHANTY-MANSIYSK OAO,SURGUT
IFA SECURITIES BROKERAGE,GIZA
DAIWA SECURITIES CAPITAL MARKETS CO.LTD.,TOKYO
BANCO SANTANDER S.A.,PARIS
HSBC FRANCE,LE HAVRE
EGYPTIAN ARAB LAND BANK,LUXOR
NATIONAL BANK OF ABU DHABI,SHARM EL SHEIKH
FIRST INTERCONTINENTAL BANK,DORAVILLEGA
INDOVINA BANK LTD.,HO CHI MINH CITY
CHARLES SCHWAB AND CO. INC.,SAN FRANCISCOCA
NATIXIS LEASE,PARIS
BANQUE EXTERIEURE D'ALGERIE,RELIZANE
EUROPEENE DE GESTION PRIVEE,BORDEAUX
HSBC FRANCE,PARIS
ALWATANY BANK OF EGYPT,THE TENTH OF RAMADAN
BOURSORAMA,BOULOGNE BILLANCOURT
SHIMIZU BANK LTD. THE,SHIZUOKA
ELNOUR SECURITIES,GIZA
STATE BANK OF INDIA PARIS BRANCH,PARIS
CREDIT COMMERCIAL DE FRANCE,PARIS
DLALA BROKERAGE LLC,DOHA
BANK ORENBURG OAO,ORENBURG
MISR IRAN DEVELOPMENT BANK,THE TENTH OF RAMADAN
FINANCIERE D'UZES,PARIS
HABIB BANK LIMITED,PARIS
PRINCIPAL BANK FOR DEVELOPMENT AND AGRICULTURAL CREDIT,EL MENIA
BANQUE CENTRALE DE COMPENSATION - LCH.CLEARNET SA,PARIS
CHARLES SCHWAB GLOBAL SERVICES CORP.,SAN FRANCISCOCA
ALLIANZ BANQUE S.A.,PARIS
BANK OF TOKYO-MITSUBISHI UFJ LTD. THE,HIROSHIMA
FIRST TENNESSEE BANK N.A.,MEMPHISTN
SIGMA SECURITIES BROKERAGE,GIZA
ARAB INTERNATIONAL BANK,CAIRO
BLACKROCK JAPAN CO. LTD.,TOKYO
ECOPROMBANK JOINT-STOCK COMMERCIAL BANK,PERM
LVMH - MOET HENNESSY LOUIS VUITTON,PARIS
NORINCHUKIN BANK THE,TOKYO
BANK FOR INVESTMENT AND DEVELOPMENT OF VIETNAM,VUNG TAU
BANK OF THE RYUKYUS LTD.,NAHA
SINOPIA ASSET MANAGEMENT,PARIS
EFG BANQUE PRIVEE,PARIS
FIRSTMERIT BANK N.A.,AKRONOH
BANK SANKT - PETERBURG OAO,ST. PETERSBURG
BELTONE SECURITIES BROKERAGE S.A.E,CAIRO
CENTRAL COMMERCIAL BANK,MOSCOW
GOLDMAN SACHS BANK USA (FORMERLY THE GOLDMAN SACHS TRUST COMPANY),NEW YORKNY
CJSC -NOMOS-BANK-SIBERIA',NOVOSIBIRSK
CANTOR FITZGERALD AND CO.,NEW YORKNY
BANK OF KAZAN KBER OOO,KAZAN
CAISSE DES DEPOTS ET CONSIGNATIONS,PARIS
SMBC FRIEND SECURITIES CO. LTD,TOKYO
EVROPEISKY INVESTMENT COMMERCIAL BANK,KALININGRAD
CB -ROSPROMBANK' CO. LTD,MOSCOW
VEFBANK JOINT STOCK COMPANY COMMERCIAL BANK,RIGA
FORD MOTOR COMPANY,DEARBORNMI
BANK FOR INVESTMENT AND DEVELOPMENT OF VIETNAM,NINH THUAN
EGYPTION EMIRATIES BROKERAGE,GIZA
BNP PARIBAS VIETNAM - HO CHI MINH CITY BRANCH,HO CHI MINH CITY
CREDIT AGRICOLE,PARIS
CREDIT AGRICOLE CIB,LILLE
AMB PROPERTY L.P.,SAN FRANCISCOCA
CHANG HWA COMMERCIAL BANK LTD. LOS ANGELES BRANCH,LOS ANGELESCA
MISR IRAN DEVELOPMENT BANK,ALEXANDRIA
TOTAL TREASURY,PARIS
INDUSTRIAL DEVELOPMENT AND WORKERS BANK OF EGYPT,PORT SAID
GAZ DE FRANCE,PARIS
CPI,CROISSY SUR SEINE
HANOI BUILDING COMMERCIAL JOINT STOCK BANK,HANOI
ALWATANY BANK OF EGYPT,ALEXANDRIA
BFA BANK,ST. PETERSBURG
BANQUE EXTERIEURE D'ALGERIE,GHARDAIA
HSBC ASSET MANAGEMENT (EUROPE) SA,PUTEAUX
PRINCIPAL BANK FOR DEVELOPMENT AND AGRICULTURAL CREDIT,DOMIAT
AMB BANK JSC,MOSCOW
FIRST NATIONAL BANK,GREELEYCO
GOLDMAN SACHS MITSUI MARINE DERIVATIVE PRODUCTS L.P.,NEW YORKNY
IMERYS SA,PARIS
ROTHSCHILD AND CIE BANQUE,PARIS
SAIKYO BANK LTD. THE,SHUNAN
FORTIS BANK SA/NV PARIS BRANCH,PUTEAUX
JSC LATVIJAS KRAJBANKA,RIGA
HOUSING BANK OF MEKONG DELTA (MHB)-HEAD OFFICE,HO CHI MINH CITY
AKITA BANK LTD.THE,AKITA
BLOM BANK EGYPT S.A.E.,SHARM EL SHEIKH
OVERSEA-CHINESE BANKING CORPORATION LIMITED TOKYO BRANCH,TOKYO
MAIWAND BANK,KABUL
ABE CLEARING SAS/EBA CLEARING,PARIS
SUEZ CANAL BANK,CAIRO
BANQUES POPULAIRES PARTICIPATIONS,PARIS
BARWA BANK,DOHA
EUROCOMMERCE BANK,NALCHIK
JOINT STOCK COMMERCIAL BANK FOR FOREIGN TRADE OF VIETNAM,BIEN HOA
FEDERAL BANK FOR INNOVATION AND DEVELOPMENT,MOSCOW
ALLY FINANCIAL INC,DETROITMI
BANCO DO BRASIL S.A.,TOKYO
VEOLIA ENVIRONNEMENT SA,PARIS
CREDIT SUISSE (FRANCE) PARIS,PARIS
GOLDMAN SACHS ASSET MANAGEMENT,NEW YORKNY
OSOOL ESB FOR SECURITIES BROKERAGE,CAIRO
BANQUE EXTERIEURE D'ALGERIE,BEJAIA
DONINVEST COMMERCIAL BANK,ROSTOV-ON-DON
THE GROUP SECURITIES,DOHA
JASON INFORMATIQUE,SAINT PAPOUL
DUBUS SA,LILLE
FAISAL ISLAMIC BANK OF EGYPT,CAIRO
ROYAL BANK OF SCOTLAND PLC,TOKYO
BANQUE EXTERIEURE D'ALGERIE,SIDI BEL ABBES
AIRBUS SAS,BLAGNAC
BANK URAL FD,PERM
BANCO INTERNACIONAL DE COSTA RICA MIAMI AGENCY,CORAL GABLESFL
BANQUE POPULAIRE DU SUD,PERPIGNAN
BANK LEUMI USA,NEW YORKNY
PRINCIPAL BANK FOR DEVELOPMENT AND AGRICULTURAL CREDIT,EL MANSOURA
BANQUE SOCIETE GENERALE VOSTOK,MOSCOW
CRCMM DE BRETAGNE NORMANDIE,RENNES
EXPORT DEVELOPMENT BANK OF EGYPT,AL OBOUR
GE MONEY BANK,RIGA
1ST UNITED BANK,BOCA RATONFL
ACCEPT CB OAO,NOVOSIBIRSK
BANK OF KHANTY-MANSIYSK OAO,LANGEPAS
GDF SUEZ,PARIS
NORVIK BANKA JSC,RIGA
ALAHRAM SECURITIES BROKERAGE CO.,CAIRO
BANK OF ALEXANDRIA S A E,CAIRO
CHINATRUST COMMERCIAL BANK TOKYO BRANCH,TOKYO
ABN AMRO CAPITAL USA LLC,NEW YORKNY
SHIZUOKA BANK LTD. THE,SHIZUOKA
YVES ROCHER,ISSY LES MOULINEAUX
ARESBANK,MOSCOW
SHIKOKU BANKLTD.THE,KOCHI
1ST ENTERPRISE BANK,LOS ANGELESCA
SOCIETE MARSEILLAISE DE CREDIT,GRASSE
BANCO ITAU EUROPA INTERNATIONAL,MIAMIFL
ARAB JORDAN INVESTMENT BANK (QATAR) LLC,DOHA
COMPAGNIE FINANCIERE EDMOND DE ROTHSCHILD BANQUE LA,PARIS
BANK OF AMERICA TOKYO,TOKYO
CAPITAL MERCHANT BANK,MOSCOW
EXPORT DEVELOPMENT BANK OF EGYPT,CAIRO
F.B.F. (FORTIS BANQUE FRANCE),PUTEAUX
AGROINKOMBANK,ASTRAKHAN
BANQUE COURTOIS S.A.,TOULOUSE
JOINT STOCK COMMERCIAL BANK FOR FOREIGN TRADE OF VIETNAM,AN GIANG
AUERBANK,MOSCOW
BANQUE POPULAIRE OCCITANE,BALMA
COMMERCIAL BANK OF MOSCOW,MOSCOW
FIRST REPUBLIC BANK A BANK IN ORGANIZATION,SAN FRANCISCOCA
NATIXIS,LYON
ACUPAY SYSTEM LLC,NEW YORKNY
BANQUE SOCIETE GENERALE VOSTOK,ST. PETERSBURG
FIRST COMMERCIAL BANK HO CHI MINH CITY BRANCH,HO CHI MINH CITY
SETO SHINKIN BANK THE,SETO
CREDIT COOPERATIF,NANTERRE
ASIAN-PACIFIC BANK,BLAGOVESHCHENSK
EGYPT STOCKS,GIZA
CREDIT MUTUEL,STRASBOURG
FACTOBAIL,PARIS
NATIONAL BANK FOR DEVELOPMENT,QALIOBIA
ALSTOM HOLDINGS,LEVALLOIS PERRET
AXA BANQUE SA,FONTENAY SOUS BOIS
ALIAA STOCK BROKERAGE HOUSE,CAIRO
CHUGOKU BANK LTD. THE,OKAYAMA
BANK OF TOKYO-MITSUBISHI UFJ LTD. THE,KITAKYUSYU
BANQUE DE SAVOIE S.A.,CHAMBERY
PPR FINANCE,PARIS
COMPAGNIE DE FINANCEMENT FONCIER,PARIS
PRINCIPAL BANK FOR DEVELOPMENT AND AGRICULTURAL CREDIT,KAFR EL SHEIKH
SUEZ CANAL BANK,AL OBOUR
APOLLO BANK,MIAMIFL
BANQUE DE FRANCE,PARIS
NATIXIS,GRENOBLE
SAARLB FRANCE,METZ
ARAB BANK PLC,SHARM EL SHEIKH
CENTRAL BANK OF EGYPT CAIRO,CAIRO
CHIBA KOGYO BANK LTD. THE,TOKYO
SUMITOMO TRUST AND BANKING COMPANY LTD. THE,TOKYO
BANQUE EXTERIEURE D'ALGERIE,BOUFARIK
FIDUCIARY TRUST COMPANY INTERNATIONAL,NEW YORKNY
CB GENBANK OOO,MOSCOW
GROUPAMA ASSET MANAGEMENT,PARIS
GLOBEOP FINANCIAL SERVICES LLC,HARRISONNY
HSBC FRANCE,DIJON
BANQUE SBA,PARIS
FAISAL ISLAMIC BANK OF EGYPT,AL OBOUR
HSBC BANK (VIETNAM) LTD.,CAN THO
SAN-IN GODO BANK LTD. THE,MATSUE
STANDARD CHARTERED BANK,DOHA
BANQUE EXTERIEURE D'ALGERIE,IN AMENAS
COMMERCIAL INTERNATIONAL BANK (EGYPT) S.A.E.,CAIRO
SOCIETE MARSEILLAISE DE CREDIT,SAINT TROPEZ
FAR EAST NATIONAL BANK HO CHI MINH CITY BRANCH,HO CHI MINH CITY
AHLI UNITED BANK (EGYPT) S.A.E.,TANTA
MISR IRAN DEVELOPMENT BANK,CAIRO
QATAR FOUNDATION,DOHA
BANK FOR INVESTMENT AND DEVELOPMENT OF VIETNAM,BINH DUONG
ELBIN BANK,MAKHACHKALA
SOCIETE ARABE INTERNATIONALE DE BANQUE,TANTA
TADAWOL SECURITIES BROKERAGE CO.,CAIRO
RESONA BANK LTD. TOKYO,TOKYO
ARAB BANK PLC,GIZA
PRIME SECURITIES BROKERAGE CO.,GIZA
FIRST NATIONAL BANK,EDINBURGTX
BANK OF KHANTY-MANSIYSK OAO,BELOYARSKIY
COMMERZBANK AG,PARIS
AWA BANK LTD. THE,TOKUSHIMA
CENTERSTATE BANK OF FLORIDA,WINTER HAVENFL
PICTET AND CIE (EUROPE) S.A. SUCCURSALE DE PARIS,PARIS
SUMITOMO MITSUI BANKING CORPORATION,TOKYO
THE BANK OF NEW YORK MELLON TRUST (JAPAN) LTD,TOKYO
LA BANQUE POSTALE,BORDEAUX
ARAB INVESTMENT BANK,PORT SAID
DOLINSK BANK,YUZHNO-SAKHALINSK
AMERICAN INTERNATIONAL GROUP GLOBAL INVESTMENT GROUP,WILTONCT
FRANCE TELECOM SA,PARIS
LA BANQUE POSTALE,CLERMONT FERRAND
GROUPAMA BANQUE,MONTREUIL
NAEEM BROKERAGE,GIZA
DORIS BANK,MOSCOW
VINCI ENERGIES,MONTESSON
BANK HAPOALIM B.M.,NEW YORKNY
BANK OF TOKYO-MITSUBISHI UFJ LTD. THE,TOKYO
ALWATANY BANK OF EGYPT,CAIRO
MEGA INTERNATIONAL COMMERCIAL BANK CO. LTD.,PARIS
EGYPTIAN WORKERS BANK,CAIRO
FULTON BANK N.A.,LANCASTERPA
HSBC FRANCE,GRASSE
KBL RICHELIEU BANQUE PRIVEE,PARIS
RIETUMU BANKA,RIGA
ABC INTERNATIONAL BANK PARIS BRANCH,PARIS
BANK OF YOKOHAMA LTD. THE,TOKYO
UNIVERSAL SECURITIES EXCHANGE FOR BROKERAGE,MAADI
BLOM BANK EGYPT S.A.E.,MANSURA
BANQUE EXTERIEURE D'ALGERIE,OUARGLA
HSBC CCF SECURITIES (FRANCE) S.A.,PARIS
BANK FOR INVESTMENT AND DEVELOPMENT OF VIETNAM,PHU YEN
UNION NATIONAL BANK-EGYPT S.A.E.,GIZA
BANQUE DE L'EUROPE MERIDIONALE SA,PARIS
DEPFA BANK PLC,TOKYO
BANGKOK BANK PUBLIC COMPANY LTD.,TOKYO
DEPOSITORY CLEARING COMPANY,MOSCOW
BFT - BANQUE DE FINANCEMENT ET DE TRESORERIE SA,PARIS
NATIXIS,LILLE
NORTH PACIFIC BANK LTD.,SAPPORO
EGYPTIAN ARAB LAND BANK,ISMAILIA
EUROCLEAR FRANCE SA,PARIS
RABOBANK NEDERLAND TOKYO BRANCH,TOKYO
CIBC WORLD MARKETS (JAPAN) INC.,TOKYO
FIA-BANK,TOGLIATTI
PRINCIPAL BANK FOR DEVELOPMENT AND AGRICULTURAL CREDIT,DAMANHOUR
SPARX ASSET MANAGEMENT CO. LTD.,TOKYO
DONGA BANK,HO CHI MINH CITY
SOCIETE DES PAIEMENTS PASS SA,EVRY
DEUTSCHE BANK AG,DOHA
GENWORTH LIFE INSURANCE COMPANY,STAMFORDCT
NATIONAL BANK FOR DEVELOPMENT,DAMANHOUR
NATIONAL BANK OF ABU DHABI,GHARBIA
QATAR NATIONAL BANK,PARIS
UNION DE BANQUES ARABES ET FRANCAISES,NEUILLY SUR SEINE
ARAB INTERNATIONAL BANK,ALEXANDRIA
EXIMBANK OF RUSSIA,MOSCOW
FAISAL ISLAMIC BANK OF EGYPT,EL MAHALA EL KOBRA
SOCIETE GENERALE PRIVATE BANKING (JAPAN) LTD.,TOKYO
CJSC UNICREDIT SECURITIES,MOSCOW
DAIWA SECURITIES CO.LTD.,TOKYO
DBS BANK LTD TOKYO BRANCH,TOKYO
DAIWA SB INVESTMENTS LTD,TOKYO
OKAZ STOCK BROKERS AND INVESTMENT CONSULTANTS,CAIRO
BANCO DE LA REPUBLICA ORIENTAL DEL URUGUAY,NEW YORKNY
CHINFON COMMERCIAL BANK,HANOI
ENISEY (PUBLIC COMPANY) JSCB,KRASNOYARSK
RBC DEXIA INVESTOR SERVICES BANK FRANCE,PARIS
BLOM BANK EGYPT S.A.E.,GIZA
CASDEN-BANQUE POPULAIRE,NOISIEL
DEUTSCHE ASSET MANAGEMENT(JAPAN)LTD,TOKYO
BANK URAL FD,MOSCOW
INTERNATIONAL BANK OF QATAR (Q.S.C.),DOHA
BORSKY COMMERCIAL BANK,BOR
ARAB BANKING CORPORATION EGYPT,6TH OF OCTOBER
BANK OF TOKYO-MITSUBISHI UFJ LTD. THE,FUKUOKA
BANK OF TOKYO-MITSUBISHI UFJ (EURASIA) ZAO,MOSCOW
THE HIGO BANK LIMITED,KUMAMOTO
EXPORT DEVELOPMENT BANK OF EGYPT,ALEXANDRIA
NOMURA RESEARCH INSTITUTE LTD.,TOKYO
BANCO DE SABADELL S.A.,MIAMIFL
HSBC BANK PLC,PARIS
HSBC FRANCE,RUNGIS
EL HORREYA SECURITIES BROKERAGE CO.,CAIRO
CREDIT AGRICOLE EGYPT,CAIRO
STATE STREET TRUST AND BANKING COMPANY LIMITED,TOKYO
BANCO LATINOAMERICANO DE COMERCIO EXTERIOR S.A.,NEW YORKNY
SUEZ CANAL BANK,THE TENTH OF RAMADAN
BANK OF TOKYO-MITSUBISHI UFJ LTD. THE,NAGOYA
FLUOR CORPORATION,IRVINGTX
ARES MANAGEMENT LLC,LOS ANGELESCA
BANCO DE CREDITO DEL PERU - MIAMI AGENCY,CORAL GABLESFL
NEW BRENT FOR SECURITIES BROKERAGE,CAIRO
CHELYABINVESTBANK,CHELYABINSK
BANK JUGRA,MOSCOW
CALYON (FORMERLY CREDIT LYONNAIS RUSBANK),MOSCOW
CENTRAL BANK OF EGYPT CAIRO,ALEXANDRIA
QATAR NATIONAL BANK,DOHA
UNION TUNISIENNE DE BANQUES,MARSEILLE
DEUTSCHE BANK AG,PARIS
ARAB AFRICAN INTERNATIONAL BANK,TANTA
CELGENE CORPORATION,SUMMITNJ
NATIONAL BANK OF PAKISTAN,PARIS
ABBEY NATIONAL TREASURY SERVICES LTD US BRANCH,STAMFORDCT
BANQUE POPULAIRE ATLANTIQUE,NANTES
DVE STOLITCY KB,MOSCOW
CHINFON COMMERCIAL BANK,HO CHI MINH CITY
EGYPTIAN SAUDI FINANCE BANK,NORTH SINAI
PREMIERE SECURITIES,GIZA
FAISAL ISLAMIC BANK OF EGYPT,ALEXANDRIA
CHELINDBANK,SNEGINSK
ASHIKAGA BANK,UTSUNOMIYA
BANQUE MISR - SUCCURSALE DE PARIS,PARIS
BRATSKY NARODNY BANK JSC,BRATSK
FASTNET FRANCE,PARIS
NATIXIS,STRASBOURG
ABN AMRO BANK N.V. HANOI BRANCH,HANOI
SOCIETE MARSEILLAISE DE CREDIT,ORANGE
BANK OF KHANTY-MANSIYSK OAO,NEFTEYUGANSK
BANQUE PELLETIER,DAX
CREDIT AGRICOLE CIB,LYON
CREDIT AGRICOLE CIB TOKYO BRANCH,TOKYO
INTERCAPITAL SECURITIES,CAIRO
SUEZ CANAL BANK,ALEXANDRIA
AGF ASSET MANAGEMENT,PARIS
CITY MORTGAGE BANK OOO,MOSCOW
CROCUSBANK,MOSCOW
SUEZ CANAL BANK,EL SADAT CITY
ALLY FINANCIAL INC,CHARLOTTENC
BANQUE EXTERIEURE D'ALGERIE,BORDJ
EXPORT DEVELOPMENT BANK OF EGYPT,THE TENTH OF RAMADAN
ODDO ET CIE,PARIS
BANK OF ALEXANDRIA S A E,ALEXANDRIA
MASHREQ TRADE,GIZA
BANK FOR INVESTMENT AND DEVELOPMENT OF VIETNAM,TIEN GIANG
LA BANQUE POSTALE,NANCY
CALYON (FORMERLY CREDIT LYONNAIS RUSBANK),ST. PETERSBURG
PRINCIPAL BANK FOR DEVELOPMENT AND AGRICULTURAL CREDIT,ASWAN
COFACREDIT,PARIS
BANCO DEL PICHINCHA - MIAMI AGENCY,MIAMIFL
BANK OF KHANTY-MANSIYSK OAO,SOVETSK
CAISSE D'EPARGNE DE MIDI PYRENEES,TOULOUSE
EGYPTIAN GULF BANK,GIZA
BANK OF INDIA,OSAKA
CAIRO STOCK BROKERAGE COMPANY,CAIRO
DAIWA NEXT BANK LTD.,CHIYODA-KU
PRINCIPAL BANK FOR DEVELOPMENT AND AGRICULTURAL CREDIT,BANHA
BANQUE POP CENTRE ATLANTIQUE,NIORT
HSBC BANK (VIETNAM) LTD.,BINH DUONG
BANK FOR INVESTMENT AND DEVELOPMENT OF VIETNAM,DAC LAC
SOCIETE ARABE INTERNATIONALE DE BANQUE,DOMIAT
AS SMP BANK,RIGA
BANK VTB NORTH-WEST,ST. PETERSBURG
AHLI UNITED BANK (EGYPT) S.A.E.,DOMIAT
BANQUE MISR,CAIRO
GENERAL ELECTRIC COMPANY,FAIRFIELDCT
NATIXIS,ROISSY EN FRANCE
TEAM FOR STOCK EXCHANGE,ALEXANDRIA
BANCFIRST,OKLAHOMA CITYOK
BANK OF JAPAN,TOKYO
CACEIS BANK,PARIS
ADP CLEARING AND OUTSOURCING SERVICES INC.,NEW YORKNY
JOINT STOCK COMMERCIAL BANK FOR FOREIGN TRADE OF VIETNAM,HA TINH
NATIONAL BANK OF EGYPT,CAIRO
BAIN AND COMPANY INC,BOSTONMA
AZIZI BANK,KABUL
NATIXIS,RUNGIS
UNION NATIONAL BANK-EGYPT S.A.E.,PORT SAID
FERROBANK LLC,MOSCOW
UNITED BROKERAGE CORPORATION,GIZA
CHIBA BANK LTD. THE,TOKYO
AFRICAN EXPORT IMPORT BANK,CAIRO
CITIGROUP GLOBAL MARKETS JAPAN INC.,TOKYO
CREDIT FONCIER DE FRANCE,PARIS
EUROAXIS BANK JOINT STOCK COMMERCIAL BANK,MOSCOW
COMMERCIAL BANK SVENSKA HANDELSBANKEN (CLOSED JOINT STOCK COMPANY),MOSCOW
SOCIETE ARABE INTERNATIONALE DE BANQUE,PORT SAID
AHLI UNITED BANK (EGYPT) S.A.E.,PORT SAID
DEUTSCHE BANK HO CHI MINH CITY BRANCH,HO CHI MINH CITY
MTS FRANCE SAS,PARIS
CREDIT COMMERCIAL DU SUD-OUEST,MERIGNAC
