source-Swift,target-bank
ASCBVNVX,ASIA COMMERCIAL BANK
CCBPFRPP,CREDIT COMMERCIAL DU SUD-OUEST
FKBKJPJT,BANK OF FUKUOKA LTD. THE
LAGEFRPP,LABCO GESTION GIE
BTSIUS44,BANCOMER TRANSFER SERVICES INC.
AIGAFRPP,BANQUE AIG PARIS HEAD OFFICE
LOYDFRPP,LLOYDS TSB BANK PLC PARIS
LAFAFRPP,LAFARGE SA
ZENBJPJT,SHINKIN CENTRAL BANK
QTELQAQA,QATAR TELECOM (QTEL) Q.S.C
DEUTVNVX,DEUTSCHE BANK HO CHI MINH CITY BRANCH
ABNAFRPP,THE ROYAL BANK OF SCOTLAND N.V. (FRANCE)
DEAMJPJT,DEUTSCHE ASSET MANAGEMENT(JAPAN)LTD
ALEFRUMM,ALEF-BANK
DEUTJPJ7,DEUTSCHE SECURITIES INC.
LUXOEGCA,LUXOR SECURITIES BROKERAGE
CITGUS44,CITADEL INVESTMENT GROUP L.L.C.
PCBCUS33,CHINA CONSTRUCTION BANK NEW YORK BRANCH
SHIZJPJT,SHIZUOKA BANK LTD. THE
HABBAFKA,HABIB BANK LIMITED
CPBIFRPP,CP OR DEVISES
NORPJPJP,NORTH PACIFIC BANK LTD.
BIARFRPP,BANQUE BIA
CHVIFRPP,CREDIT AGRICOLE CHEUVREUX
BBVAFRPP,BANCO BILBAO VIZCAYA ARGENTARIA
LVMHFRPP,LVMH - MOET HENNESSY LOUIS VUITTON
NATXFRPP,NATIXIS
CGTCUS66,CAPITAL GUARDIAN TRUST COMPANY
ARRSRU2K,AK BARS BANK OAO
FLBKUS33,FULTON BANK N.A.
EWBAEGC1,EGYPTIAN WORKERS BANK
CRESRUMM,CJSC BANK CREDIT SUISSE (MOSCOW)
CCBPFRPP,BANQUE POPULAIRE DU SUD-OUEST
LAZPFRPP,LAZARD FRERES BANQUE
PRTTLV22,AS -PRIVATBANK'
SAKBJPJZ,SAIKYO BANK LTD. THE
PYATRU2P,CJSC -WELCOMEBANK'
FRSTUS44,FROST BANK
BCSBRU55,BCS BANK
CCBCUS33,CHANG HWA COMMERCIAL BANK LTD. NEW YORK BRANCH
EACBVNVX,DONGA BANK
CCBPFRPP,BANQUE POPULAIRE DU SUD
NCCBRUMM,BANK NATIONAL CLEARING CENTRE
GUBCUS6L,GBC INTERNATIONAL BANK
PHAREGCA,PHAROS SECURITIES
ITASRUMM,BTA BANK LLS
DCLCRUMM,DEPOSITORY CLEARING COMPANY
AGSZRU33,AGROSOYUZ BANK
NAGOJPJN,BANK OF NAGOYA LTD.  THE
VCFRFRPP,VINCI CONSTRUCTION FRANCE
CBMWRUMM,COMMERCIAL BANK OF MOSCOW
FOMOUS33,FORD MOTOR COMPANY
BSUIJPJT,CREDIT AGRICOLE CIB TOKYO BRANCH
EGSTEGCA,EGYPT STOCKS
NOYBRU5N,COMMERCIAL BANK NOYABRSKNEFTEKOMBANK
ADIBUS33,ABU DHABI INTERNATIONAL BANK INC.
PSTEEGCX,NATIONAL POST ORGANIZATION
ARABEGCX,ARAB BANK PLC
ADPCUS33,ADP CLEARING AND OUTSOURCING SERVICES INC.
BCCMRUMM,BANK BCC-MOSCOW
OGAKJPJT,OGAKI KYORITSU BANKLTD.THE
ALSYFRPP,ALSYON TECHNOLOGIES
PETKRU2P,BFA BANK
BELTEGCA,BELTONE SECURITIES BROKERAGE S.A.E
FRAFFRPP,FRANSABANK FRANCE S.A.
FIDQUS33,FIDELITY SERVICE CO
PONREGCA,PIONEERS SECURITIES
LAYDFR2W,BANQUE LAYDERNIER
BOFAJPJX,BANK OF AMERICA TOKYO
FIEGEGCX,FAISAL ISLAMIC BANK OF EGYPT
ENEBRU2P,ENERGOMASHBANK PLC
CEPAFRPP,CAISSE D'EPARGNE AUVERGNE LIMOUSIN
CROKRUMM,CROCUSBANK
DSBKJPJT,DAISAN BANK LTD. THE
DOHBQAQA,DOHA BANK
SLIIFRCC,LEHMAN BROTHERS INTERNATIONAL (EUROPE) PARIS BRANCH
AUDIFRPP,BANK AUDI SARADAR FRANCE
UBAFFRPP,UNION DE BANQUES ARABES ET FRANCAISES
GDFGFRPP,GAZ DE FRANCE
ODDOFRPP,ODDO ET CIE
BTEJFRPP,BANK TEJARAT
BBHCJPJT,BROWN BROTHERS HARRIMAN SECURITIES INVESTMENT MANAGEMENT (JAPAN) INC.
LAMXFRPP,LYXOR ASSET MANAGEMENT
BKTWJPJT,BANK OF TAIWAN TOKYO BRANCH
KLJIQAQA,AL KHALIJ COMMERCIAL BANK
PARXLV22,JSC CITADELE BANKA
MELIFRPP,BANK MELLI IRAN
BSUIFRPP,CREDIT AGRICOLE CIB
MONTFRPP,MONTE PASCHI BANQUE S.A.
IIIAUS33,AVM L.P.
UBCEEGCA,UNITED BROKERAGE CORPORATION
CITIQAQA,CITIBANK N.A.
NTDGJPJT,NTT DATA GETRONICS CORPORATION
CESCFR2X,CAIXA D'ESTALVIS DE CATALUNYA
BSABFRPP,BANCO DE SABADELL
IKBDFRPP,IKB DEUTSCHE INDUSTRIEBANK A.G. SUCCURSALE DE PARIS
NTSSJPJT,SBI SUMISHIN NET BANK LTD.
SMBCFRPP,SUMITOMO MITSUI BANKING CORPORATION EUROPE LIMITED
AIBKUS33,AIB BANK
ALSHEGCA,AL SHOROUK BROKERAGE CO.
AINBEGCA,ARAB INVESTMENT BANK
KOMXRUMM,BANK FINSERVICE JSC
HELWEGCA,HALWAN BROKERAGE CO.
UCBMUS3M,APOLLO BANK
CRFAFRPP,GE CORPORATE FINANCE BANK
BADZDZAL,BANQUE ALGERIENNE DE DEVELOPPEMENT
SBAAFRPP,BANQUE SBA
DEUTJPJ9,DEUTSCHE SECURITIES INC.
EBAPFRPS,ABE CLEARING SAS/EBA CLEARING (SYSTEM OPERATOR)
BABAAFKA,BRAC AFGHANISTAN BANK
BARCJPJ9,BARCLAYS CAPITAL JAPAN LTD.
ACIVFRPP,ACCENTURE INSURANCE SERVICES
CIWMJPJT,CIBC WORLD MARKETS (JAPAN) INC.
CEPAFRPP,CAISSE D'EPARGNE ILE DE FRANCE NORD
BBVAUS33,BANCO BILBAO VIZCAYA ARGENTARIA NEW YORK
MTRBJPJT,CHUO MITSUI TRUST AND BANKING CO.LTD.THE
PSBREGCA,PRIME SECURITIES BROKERAGE CO.
RETLRUMM,BANK RESO CREDIT
CLJARUMM,AMI-BANK ZAO
CEPAFRPP,CAISSE D'EPARGNE D'ILE DE FRANCE OUEST
FIDQUS3A,FIDELITY SERVICE CO
BORAEGCA,BORAK SECURITIES COMPANY
SGOBFRPP,COMPAGNIE DE SAINT-GOBAIN
NSGBEGCX,NATIONAL SOCIETE GENERALE BANK S.A.E.
FBNIFRPP,FBN BANK UK LTD
CCBPFRPP,BANQUE FEDERALE DES BANQUES POPULAIRES (BANQUES POPULAIRES REGIONALES)
CLFRFRCC,DEXIA CREDIT LOCAL
BSOVRUMM,COMMERCIAL BANK -SOVINCOM'
FSAMUS33,FSA ASSET MANAGEMENT LLC
AOMBJPJT,AOMORI BANK LTD. THE
QFQFQAQA,QATAR FOUNDATION
SEPBFRPP,BANK SEPAH
JSBSRU2P,BANK SANKT - PETERBURG OAO
BDERUS3M,BANCO SANTANDER INTERNATIONAL
ORBGRU3S,BANK ORENBURG OAO
INCUEGC1,INTERCAPITAL SECURITIES
JAZIEGCA,JAZIRA SECURITIES BROKERAGE
CSBPEGCA,CAIRO STOCK BROKERAGE COMPANY
SUCAEGCX,SUEZ CANAL BANK
HIGOJPJT,THE HIGO BANK LIMITED
RIBRLV22,REGIONALA INVESTICIJU BANKA
CIBOEGCX,COMMERCIAL INTERNATIONAL BROKERAGE COMPANY
DISFFRPP,RBC DEXIA INVESTOR SERVICES BANK FRANCE
CCBPFRPP,CRC MARIT MUTUEL DU LITTORAL SUD OUEST
ESESFRPP,EUROCLEAR FRANCE SA
ABGBUS44,ASSOCIATED BANK GREEN BAY N.A.
CEPAFRPP,CAISSE D'EPARGNE AQUITAINE POITOU CHARENTES
URALRU4E,BANK24.RU OAO
DRESRU2X,DRESDNER BANK ZAO
MCSDEGCA,MCSD MISR FOR CLEARINGDEPOSITORY AND REGISTRY
SHWAJPJT,SHINWA BANK LTD. THE
ABQQQAQA,AHLI BANK Q.S.C.
KABORU2K,BANK OF KAZAN KBER OOO
ARESRUMM,ARESBANK
SNORLV22,THE LATVIA BRANCH OF BANK SNORAS
SOAPFR22,SOCIETE DES PAIEMENTS PASS SA
BCITFRPP,INTESA SANPAOLO SPA
HCESEGCX,HSBC SECURITIES EGYPT S.A.E.
CIBEEGCX,COMMERCIAL INTERNATIONAL BANK (EGYPT) S.A.E.
SBNKEGCX,SOCIETE ARABE INTERNATIONALE DE BANQUE
TOCIJPJT,THE TOCHIGI BANK LTD.
NACNUS33,BANCO DE LA NACION ARGENTINA
CEPBUS77,CENTRAL PACIFIC BANK
CELGUS3S,CELGENE CORPORATION
BBOGUS3M,BANCO DE BOGOTA MIAMI AGENCY
PICTJPJT,PICTET ASSET MANAGEMENT (JAPAN) LTD.
ALEXEGCX,BANK OF ALEXANDRIA S A E
IRVTJPJT,THE BANK OF NEW YORK MELLON TRUST (JAPAN) LTD
HABALV22,SWEDBANK AS (FORMERLY A/S HANSABANKA)
BMMMFRCP,BANQUE MARTIN-MAUREL
MRBAEGCX,BLOM BANK EGYPT S.A.E.
BNPAQAQA,BNP PARIBAS DOHA
BBNKRU2K,BALTIKA BANK ZAO
EABMRUMM,EUROAXIS BANK JOINT STOCK COMMERCIAL BANK
FDFRFR22,FDI FRANCE
ISBKFRPP,ISBANK GMBH
BOKFJPJZ,BANK OF KYOTOLTD.THE
ANZBVNVX,ANZ BANK(VIETNAM) LIMITED
FTELFRPP,FRANCE TELECOM SA
BOTKFRPX,BANK OF TOKYO-MITSUBISHI UFJ LTD. THE
COFIFRCP,LA COMPAGNIE FINANCIERE ED. DE ROTHSCHILD BANQUE
COAYRUMM,ADMIRALTEISKY CB LTD
CCBPFRPP,BANQUE POPULAIRE LOIRE ET LYONNAIS
CFFIFR2L,COFIDIS
BRASFRPP,BANCO DO BRASIL S.A.
HAMFFRPP,HSBC ASSET MANAGEMENT (EUROPE) SA
CSCHUS6S,CHARLES SCHWAB AND CO. INC.
CTRLJPJT,CENTRAL TANSHI CO. LTD.
OKSBJPJZ,OKAZAKI SHINKIN BANK THE
UNEBRU2P,BALTINVESTBANK OAO
AXABFRPP,AXA BANQUE SA
DAFIFRPP,DANONE FINANCE S.A.
ICBCFRPP,MEGA INTERNATIONAL COMMERCIAL BANK CO. LTD.
VEOEFRPP,VEOLIA ENVIRONNEMENT SA
PRSREGCA,PREMIERE SECURITIES
FNBOUS44,FIRST NATIONAL BANK
BKCHVNVX,BANK OF CHINA
ABNAJPJT,ROYAL BANK OF SCOTLAND PLC (FORMER ABN AMRO BANK N.V.)
CEPAFRPP,CAISSE D'EPARGNE DU LANGUEDOC ROUSSILLON
CHASFRPB,JPMORGAN CHASE BANK N.A.
CPIIFRPP,CPI
CBBCRUMM,CENTRAL COMMERCIAL BANK
ASIKJPJT,ASHIKAGA BANK
UWCBUS6L,CATHAY UNITED BANK LOS ANGELES AGENCY DBA CUBT
SIMJJPJ2,SCHRODER INVESTMENT MANAGEMENT (JAPAN) LIMITED
ABSLRUMM,ABSOLUT BANK
ABMBRUMM,ABM BANK LTD
APTAFRPP,APTAR GROUP SAS
ESCBFRPP,BANQUE D'ESCOMPTE
LAZPFRCC,LAZARD FRERES BANQUE
IPSNFRPP,IPSEN
SHBKJPJX,SHINHAN BANK JAPAN
CIPXRUMM,CREDITIMPEX BANK
CEPAFRPP,CAISSE D'EPARGNE RHONE ALPES
QMAGQAQA,QATAR CENTRAL BANK
NWSJJPJT,RBS SECURITIES JAPAN LIMITED TOKYO BRANCH
DSBIJPJT,DAIWA SB INVESTMENTS LTD
PHBREGCA,PHARAONIC BROKERAGE CO.
AVBKRU3T,AVTOVAZBANK OPEN JOINT-STOCK COMPANY
CEPAFRPP,CAISSE D'EPARGNE DE HAUTE NORMANDIE
ALZAQAQA,AL ZAMAN EXCHANGE W.L.L
SOFRFRPP,SOFIPROTEOL
VIZIRUMM,DEVELOPMENT CAPITAL BANK
HOCCRUMM,CB HOLDING-CREDIT OOO
TKTSJPJT,THE TOKYO TANSHI CO. LTD.
CEPAFRPP,CAISSE D'EPARGNE DE LOIRE DROME ARDECHE
EXDEEGCX,EXPORT DEVELOPMENT BANK OF EGYPT
VIVEFRPP,VIVENDI
CITIJPJT,CITIBANK JAPAN LTD.
COLOUS33,BANCOLOMBIA S.A. MIAMI AGENCY
CCBPFRPP,CASDEN-BANQUE POPULAIRE
DBSSJPJT,DBS BANK LTD TOKYO BRANCH
CEPAFRPP,CAISSE D'EPARGNE COTE D'AZUR
ASANRU8X,ASIAN-PACIFIC BANK
CNPAFRPP,CNP ASSURANCES
RYUBJPJZ,BANK OF THE RYUKYUS LTD.
CRLYVNVX,CALYON
MSHQQAQA,MASHREQ BANK
JIROFRPP,GIRAUD INTERNATIONAL
FMTSFRPP,MTS FRANCE SAS
RALPFR2G,BANQUE RHONE ALPES
RJSCRUMM,BANK MOSKVA
ECOMRU22,EUROCOMMERCE BANK
CCBPFRPP,CRC MARIT MUT ATLANTIQUE
DRESFRPX,COMMERZBANK AG PARIS BRANCH (FORMERLY DRESDNER BANK AG PARIS BRANCH)
BKAVRU2K,AVERS BANK
GRSRFR22,ART ET TECHNIQUES DU PROGRES
SIBLFRPP,BANQUE DE GESTION PRIVEE-SIB
BNPARUMV,BNP PARIBAS VOSTOK
BLOMFRPP,BLOM BANK FRANCE
FFTWUS33,FISCHER FRANCIS TREES AND WATTS INC.
CITIVNVX,CITIBANK N.A.
GFXCUS44,GFX CORPORATION
TSWQQAQB,TASWEEQ
EDFGFRPP,ELECTRICITE DE FRANCE
OPCOUS33,CIBC WORLD MARKETS CORP.
DIWAJPJT,RESONA BANK LTD. TOKYO
TFNBUS4H,GOLDEN BANK N.A.
SMCTFR2A,SOCIETE MARSEILLAISE DE CREDIT
FAEBRU8V,FAR EASTERN BANK OAO
CSFBJPJX,CREDIT SUISSE SECURITIES (JAPAN) LTD.
FIDQUS3P,FIDELITY SERVICE CO
SCBLJPJT,STANDARD CHARTERED BANK
CTHCUS66,CHINATRUST BANK (USA)
MIDBEGCX,MISR IRAN DEVELOPMENT BANK
ARIBEGCX,ARAB INTERNATIONAL BANK
CCFRFRCR,CREDIT COMMERCIAL DE FRANCE
CFILJPJT,BGC SHOKEN KAISHA LIMITED
GEBAFRPP,FORTIS BANK SA/NV PARIS BRANCH
LACBLV2X,BANK OF LATVIA
LHZBLV22,MORTGAGE AND LAND BANK OF LATVIA
CATHUS6L,CATHAY BANK
AXAFFRPP,GIE AXA FRANCE
CCBPFRPP,BANQUE POPULAIRE COTE D'AZUR
CTBAVNVX,COMMONWEALTH BANK OF AUSTRALIA HO CHI MINH CITY
FMOSRUMM,CREDIT EUROPE BANK LTD
AFNBUS4H,AMERICAN FIRST NATIONAL BANK
COURFR2T,BANQUE COURTOIS S.A.
TESEEGAL,TEAM FOR STOCK EXCHANGE
COLKRUMM,COMMERCIAL BANK -LANTA-BANK'
BONAFRPP,BONNA SABLA SA
BBMEQAQX,HSBC BANK MIDDLE EAST LIMITED
SAIBJPJT,SAITAMA RESONA BANK LIMITED
ASKBJPJT,ASAHI SHINKIN BANK THE
CCBPFRPP,BANQUE POPULAIRE VAL DE FRANCE
FABARUMM,CORPORATE FINANCE BANK
GLOPUS33,GLOBEOP FINANCIAL SERVICES LLC
BHICUS44,BAKER HUGHES INCORPORATED
BKRBAFKA,BAKHTAR BANK
COBAJPJX,COMMERZBANK AG TOKYO
CCBPFRPP,BANQUE PRIVEE 1818
PSABFRPP,BANQUE PSA FINANCE SA
RBKBRUMM,AMB BANK JSC
PICHUS3M,BANCO DEL PICHINCHA - MIAMI AGENCY
MOEYFRPP,GE MONEY BANK SCA
ALFARUMM,ALFA-BANK
BBVAJPJT,BANCO BILBAO VIZCAYA ARGENTARIA TOKYO BRANCH
RGFIFRPP,BANQUE DE REALISATIONS DE GESTION ET DE FINANCEMENT
DUBUFR2L,DUBUS S.A.
SGAMFRPP,SG ASSET MANAGEMENT
ROSKRUMM,BANK ROSSIYSKY KAPITAL
AGUBDZAL,ALGERIA GULF BANK
AGRIEGCX,CREDIT AGRICOLE EGYPT
ACAERUMM,CAPITAL MERCHANT BANK
SORMFR2N,SOCRAM BANQUE
BOTKFRCC,BANK OF TOKYO-MITSUBISHI UFJ LTD. THE
BGIAJPJT,BLACKROCK JAPAN CO. LTD.
RTMBLV2X,RIETUMU BANKA
BNPARUMM,BNP PARIBAS ZAO MOSCOW
DUBUFR2N,DUBUS SA
FNBWUS44,FIRST NATIONS BANK
COFEFR2P,COFACREDIT
GRNTEGCA,GURANTEE FOR BROKERAGE
ALTKRUMM,ALTA-BANK ZAO
SOGEFRPP,SOCIETE GENERALE
BALGDZAL,BANK OF ALGERIA
CRMCUS66,CAPITAL RESEARCH AND MANAGEMENT COMPANY
FNAOUS44,FIRST NATIONAL BANK
FTSBUS33,ABN AMRO CAPITAL USA LLC
JSBCRU4N,CAPITAL ZAO
VEFBLV22,VEFBANK JOINT STOCK COMPANY COMMERCIAL BANK
LICOFRPP,AL KHALIJI FRANCE S.A.
GILSUS6S,GILEAD SCIENCES INC.
MARALV22,DANSKE BANK A/SLATVIJA BRANCH
DIBBEGCA,INDUSTRIAL DEVELOPMENT AND WORKERS BANK OF EGYPT
DBZEFRPP,BNP PARIBAS EQUITIES FRANCE
BCBIEGCX,BARCLAYS BANK - EGYPT S.A.E.
CCOPFRCP,CREDIT COOPERATIF
HYVEFRPP,UNICREDIT BANK AG (HYPOVEREINSBANK) PARIS
CCBPFRPP,BANQUE POPULAIRE ATLANTIQUE
CEPAFRPP,CAISSE D'EPARGNE DE LORRAINE
FGBBFR2M,FINANCIERE BOURBON
CHIKJPJT,CHIBA KOGYO BANK LTD. THE
Swift Co,Bank or Institution
SDBFFRPP,CNCE GESTITRES
FCBTUS33,FIRST CITIZENS BANK AND TRUST CO.
BOTKVNVX,BANK OF TOKYO-MITSUBISHI UFJ LTD. THE
USINFRPP,ARCELOR TREASURY SNC
CFFOFRPP,COMPAGNIE DE FINANCEMENT FONCIER
AHSCEGCA,ALAHRAM SECURITIES BROKERAGE CO.
CRDURU4C,CREDIT URAL BANK OAO
STMPEGCA,SAMBA TADAWOL MISR BROKERAGE
DERZRUMM,DERZHAVA JSCB
BQORFRPP,BANQUE D'ORSAY
RABOFRPP,RABOBANK SUCCURSALE DE PARIS
BNPAJPJ2,BNP PARIBAS SECURITIES (JAPAN) LTD.
BABOFRPP,HSBC FRANCE
KHANRUMM,BANK OF KHANTY-MANSIYSK OAO
RIKOLV2X,AS DNB NORD BANKA
CCFRFRPP,HSBC FRANCE
GSMMUS33,GOLDMAN SACHS MITSUI MARINE DERIVATIVE PRODUCTS L.P.
FLURUS44,FLUOR CORPORATION
LCDELV22,LATVIAN CENTRAL DEPOSITORYTHE
FCBKVNVX,FIRST COMMERCIAL BANK HO CHI MINH CITY BRANCH
CMBCUS33,CHINA MERCHANTS BANK CO. LTD.
RCINFRPP,RCIBANQUE S.A.
HAMAJPJT,BANK OF YOKOHAMA LTD. THE
BDUPFR2S,BANQUE DUPUY DE PARSEVAL
HANDLV22,SVENSKA HANDELSBANKEN AB
BNINJPJT,BANK NEGARA INDONESIA (PERSERO) PT. TOKYO BRANCH
CTPLUS44,CATERPILLAR INC.
BBUBUS33,BANESCO USA
CDCGFRPP,CAISSE DES DEPOTS ET CONSIGNATIONS
NBOKFRPP,NATIONAL BANK OF KUWAIT (INTERNATIONAL) PLC PARIS BRANCH
COSRUS3M,BANCO INTERNACIONAL DE COSTA RICA MIAMI AGENCY
SCHNFR22,BOISSIERE FINANCE
GSCMUS33,GOLDMAN SACHS BANK USA (FORMERLY GOLDMAN SACHS CAPITAL MARKETS L.P.)
FPBSUS33,FIRST PLACE BANK
NOVORU52,CJSC -NOMOS-BANK-SIBERIA'
BRKADZAL,BANQUE AL-BARAKA D'ALGERIE
CEPAFRPP,CAISSE D'EPARGNE DE PICARDIE
ROADEGCA,AL ROWAD FOR SECURITIES BROKERAGE
BIKEJPJS,THE SENSHU IKEDA BANK LTD.
EUROFRPP,VTB BANK (FRANCE) S.A.
AJIBQAQA,ARAB JORDAN INVESTMENT BANK (QATAR) LLC
NAEEEGCA,NAEEM BROKERAGE
ALIAEGCA,ALIAA STOCK BROKERAGE HOUSE
PIBAAFKA,PASHTANY BANK
ARABQAQA,ARAB BANK PLC
CEPAFRPP,CAISSE D'EPARGNE LOIRE CENTRE
RCBPFRPP,ROTHSCHILD AND CIE BANQUE
TCSFFRPP,THALES SA
LUBPFRPP,HSBC FRANCE
CCBPFRPP,NATIXIS INTEREPARGNE
CANFUS33,CANTOR FITZGERALD AND CO.
FCNYUS33,FIDUCIARY TRUST COMPANY INTERNATIONAL
FNBAUS3A,FIRSTMERIT BANK N.A.
IBOQQAQA,INTERNATIONAL BANK OF QATAR (Q.S.C.)
BNINUS33,BANK NEGARA INDONESIA (PERSERO) PT. NEW YORK AGENCY
NINBEGCA,NATIONAL INVESTMENT BANK
BAOYUS33,BAIN AND COMPANY INC
HIBKUS44,CAPITAL ONEN.A.
BBDEUS33,BANCO BRADESCO S.A.
SMZGJPJT,SHIMIZU BANK LTD. THE
ARVTUS44,ARVEST BANK
HLBPFRPP,BANQUES POPULAIRES PARTICIPATIONS
DVSORUMM,DVE STOLITCY KB
CRESFRPP,CREDIT SUISSE (FRANCE) PARIS
PCBCJPJT,CHINA CONSTRUCTION BANK CORPORATION TOKYO BRANCH
CEPAFRPP,CAISSE D'EPARGNE NORD FRANCE EUROPE
BQORFRCC,BANQUE D'ORSAY
DSMDQAQA,DOHA SECURITIES MARKET
SIMJJPJT,SCHRODER INVESTMENT MANAGEMENT (JAPAN) LIMITED
BMAFAFKA,BANKE MILLIE AFGHAN
CEPAFRPP,CAISSE D'EPARGNE DES PAYS DE L'ADOUR
BCAIEGCX,BANQUE DU CAIRE
CTCBUS33,CHINATRUST COMMERCIAL BANK
QINVQAQA,QINVEST LLC
BATRLV2X,GE MONEY BANK
BOCRRU2B,BORSKY COMMERCIAL BANK
BHVTFRPP,HSBC FRANCE
ODDOFRPA,ODDO ET CIE
DOLIRU8Y,DOLINSK BANK
SLBSFRPP,BANQUE LEHMAN BROTHERS S.A. PARIS
BDFEFR2T,BANQUE DE FRANCE
PAREFRPP,PAREL
AETCUS55,AMERICAN EXPRESS TRAVEL RELATED SERVICES CO.INC. (TRAVELERS CHEQUE  OPER.CTR.)
TYCOEGCA,TYCOON FOR SECURITIES
CALCUS6L,BANAMEX USA
NOUREGCA,ELNOUR SECURITIES
BCRTFRPP,CORTAL CONSORS FRANCE
CEPAFRPP,CAISSE D'EPARGNE PROVENCE ALPES CORSE
ACIXUS33,ACI CAPITAL GROUP LLC
SWBKUS44,AMEGY BANK N.A.
BOFAUS3D,BANK OF AMERICA N.A.
ANZBUS33,AUSTRALIA AND NEW ZEALAND BANKING GROUP LTD.
RLNGQAQA,RASGAS COMPANY LIMITED
LATCLV22,AS LTB BANK
CCOPFRPP,CREDIT COOPERATIF
GSAMUS33,GOLDMAN SACHS ASSET MANAGEMENT
BMICDZAL,BANQUE DU MAGHREB ARABE POUR L'INVESTISSEMENT ET LE COMMERCE
GLBCEGCA,GLOBAL CAPITAL
AIGXUS33,AMERICAN INTERNATIONAL GROUP
IMERFRPP,IMERYS SA
ECBAEGCA,PIRAEUS BANK - EGYPT S.A.E.
CEBOFRPP,HSBC CCF SECURITIES (FRANCE) S.A.
EVICRU2K,EVROPEISKY INVESTMENT COMMERCIAL BANK
NORDFRPP,CREDIT DU NORD
PARBFRPH,BNP PARIBAS SECURITIES SERVICES
TAMAJPJT,TAMA SHINKIN BANK THE
AMASJPJZ,AMAGASAKI SHINKIN BANK THE
TJMAJPJZ,TAJIMA BANK LTD THE
AREVFRPP,AREVA SA
CEPAFRPP,CAISSE D'EPARGNE ILE DE FRANCE
NOSCEGCA,BANK OF NOVA SCOTIATHE
AOLBEGCA,ARABEYA ON LINE
AGIGUS33,AMERICAN INTERNATIONAL GROUP GLOBAL INVESTMENT GROUP
ALOEUS44,ALOSTAR BANK OF COMMERCE
BSPFFRPP,BANQUE PALATINE (FORMERLY BANQUE SANPAOLO)
AIGFUS33,AIG FINANCIAL PRODUCTS CORP.
TOCAFRPP,TOTAL CAPITAL
FGBCUS66,FIRST GENERAL BANK
AEXCQAQA,ALJAZEERA EXCHANGE COMPANY
CCBPFRPP,BANQUE POPULAIRE DES ALPES
AUERRUMM,AUERBANK
QISBQAQA,QATAR ISLAMIC BANK
AFFIFRPP,AFFINE SA
JBBRFRPP,KEPLER CAPITAL MARKETS
SSTBJPJX,STATE STREET TRUST AND BANKING COMPANY LIMITED
INDSUS3M,BANCO INDUSTRIAL DE VENEZUELA C.A. MIAMI AGENCY
BACPFRPP,BANQUE CENTRALE DE COMPENSATION - LCH.CLEARNET SA
FCBKUS33,FIRST COMMERCIAL BANK LTD. NEW YORK BRANCH
GSTRUS33,GOLDMAN SACHS BANK USA (FORMERLY THE GOLDMAN SACHS TRUST COMPANY)
AGFBFRCC,ALLIANZ BANQUE S.A.
FTBMUS44,FIRST TENNESSEE BANK N.A.
CSBKUS33,CENTERSTATE BANK OF FLORIDA
SBINJPJT,STATE BANK OF INDIA
UBSWFRPP,UBS (FRANCE) S.A.
BARCJPJ2,BARCLAYS BANK PLC
IXIAFRPP,IXIS ASSET MANAGEMENT
CEPAFRPP,CAISSE NATIONALE DES CAISSES D'EPARGNE ET DE PREVOYANCE
EFGBFRPP,EFG BANQUE PRIVEE
BLIBLV22,BALTIC INTERNATIONAL BANK
CFCBVNVX,CHINFON COMMERCIAL BANK
COBARUMM,COMMERZBANK (EURASIJA) SAO
ETRURUMM,EAST-EUROPEAN TRUST BANK
BMMMFR2A,BANQUE MARTIN-MAUREL
GMCOUS33,GENERAL MOTORS HOLDINGS LLC
NSMBFRPP,BANQUE NEUFLIZE OBC
RABORUMM,CB RABOBANK (CLOSED JOINT-STOCK COMPANY)
FQDRUS66,FIRST QUADRANT L.P.
BAIWJPJT,BANK OF IWATE LTD. THE
ETHNEGCA,NATIONAL BANK OF GREECE (EGYPT NETWORK)
JSCORU4P,BANK URAL FD
CBQAQAQA,COMMERCIAL BANK OF QATAR LTD.
TERARUMM,CB -ROSPROMBANK' CO. LTD
DEBARU22,DAGENERGOBANK
CEPAFRPP,CAISSE D'EPARGNE DE BRETAGNE
CCBPFRPP,BANQUE POPULAIRE OCCITANE
DEOORUMM,DEAL-BANK OOO
SBINFRPP,STATE BANK OF INDIA PARIS BRANCH
FBNKUS44,FOSTER BANK
OPSBEGCA,OPTIMA SECURITIES BROKERAGE
GFLXUS66,GLOBEFLEX CAPITAL L.P.
NBDEEGCX,NATIONAL BANK FOR DEVELOPMENT
CMCIFRPP,CM - CIC BANQUES
CBBRLV22,A/S AKCIJU KOMERCBANKA BALTIKUMS
BBPIFRPP,BANCO BPI PARIS
NKSCJPJT,SMBC NIKKO SECURITIES INC.
CBEGEGCX,CENTRAL BANK OF EGYPT CAIRO
CRLYRU2P,CALYON (FORMERLY CREDIT LYONNAIS RUSBANK)
CCBCJPJT,CHANG HWA COMMERCIAL BANK LTD. TOKYO BRANCH
BPELFR2Y,BANQUE PELLETIER
HANDFRPP,SVENSKA HANDELSBANKEN AB
FMACUS3W,FREDDIE MAC
ABBKVNVX,AN BINH COMMERCIAL JOINT STOCK BANK
FAURFRPP,FAURECIA
BFOKUS44,BANCFIRST
CCIFFRPP,CAISSE CENTRALE DU CREDIT IMMOBILIER DE FRANCE
CRESFRPZ,CREDIT SUISSE AG PARIS BRANCH
GRICEGCA,GRAND INVESTMENT SECURITIES
KOTIJPJZ,THE BANK OF KOCHI LIMITED
AGRIFRPI,AMUNDI ASSET MANAGEMENT
CSCOUS66,CISCO SYSTEMS INC
TADLEGCA,TADAWOL SECURITIES BROKERAGE CO.
MOSWRUMM,BANK OF MOSCOW
WELAFRPP,WESTLB AG PARIS
FSHRUS66,FISHER INVESTMENTS
MUBREGCA,MUBASHER TRADE
SEFTEGCA,SAUDI EGYPTION CO. FOR SECURITIES BROKERAGE
DETARUMM,DELTACREDIT CB ZAO
HNBKVNVX,HUA NAN COMMERCIAL BANK LTD. HOCHIMINH CITY BRANCH
BRWAQAQA,BARWA BANK
PANAJPJS,PANASONIC CORPORATION
MHBBVNVX,HOUSING BANK OF MEKONG DELTA (MHB)-HEAD OFFICE
SAMBQAQA,SAMBA FINANCIAL GROUP
CMCIFR2A,CREDIT MUTUEL
MTROEGCA,METRO CO. FOR BOOK KEEPING AND STOCK DEALING
LOCYFRPP,LOMBARD ODIER DARIER HENTSCH AND CIE (FRANCE) SA
AFSBUS33,ABACUS FEDERAL SAVINGS BANK
CGDIFRPP,CAIXA GERAL DE DEPOSITOS
COEIRUMM,ECONOMIC UNION BANK
DIMOFR22,D.I.M.O. GESTION
ABNAVNV5,ABN AMRO BANK N.V. HANOI BRANCH
MHCBFRPP,MIZUHO CORPORATE BANK LTD. PARIS BRANCH
COFIFRPP,COMPAGNIE FINANCIERE EDMOND DE ROTHSCHILD BANQUE LA
BKCHRUMM,BANK OF CHINA (ELUOSI)
QNBAFRPP,QATAR NATIONAL BANK
AFIBAFKA,AFGHANISTAN INTERNATIONAL BANK
BAMYFR22,BANQUE MICHEL INCHAUSPE - BAMI
SOGERUMM,BANQUE SOCIETE GENERALE VOSTOK
BGFIFRPP,BGFI INTERNATIONAL
CMCIFRPA,CREDIT MUTUEL - CIC BANQUES
CRMORUMM,CREDIT-MOSCOW BANK
FNFGUS33,FIRST NIAGARA BANK
RUBBFRPP,F.B.F. (FORTIS BANQUE FRANCE)
LAPBLV2X,LATVIJAS PASTA BANKA
GQICQAQA,QATAR INVESTMENT AUTHORITY
ALCAJPJX,ALLIANCEBERNSTEIN JAPAN LTD
NACNUS3M,BANCO DE LA NACION ARGENTINA MIAMI BRANCH
LUMIUS3N,BANK LEUMI USA
CEURRUMM,EUROTRUST CB ZAO
DEUTFRPP,DEUTSCHE BANK AG
CMBRFR2B,CREDIT MUTUEL ARKEA
CDMAFRPX,CREDIT DU MAROC - SUCCURSALE DE PARIS
LTCBJPJT,SHINSEI BANK LTD.
IFASEGCA,IFA SECURITIES BROKERAGE
BSAVFR2C,BANQUE DE SAVOIE S.A.
CAIWRUMM,BANK CAPITAL-MOSCOW
CCBPFRPP,SOCIETE CENTRALE DE CREDIT MARITIME MUTUEL
ODDOFRCP,ODDO ET CIE ENTREPRISE D'INVESTISSEMENT
ATLCUS33,ATLANTIC CENTRAL BANKERS BANK
FAMSFRPP,BNP PARIBAS FINAMS
OITAJPJT,OITA BANK LTD. THE
TRELLV22,TREASURY OF THE REPUBLIC OF LATVIA THE
NBOMEGCX,NATIONAL BANK OF OMAN (SAOG)
NEWPEGCA,NEW BRENT FOR SECURITIES BROKERAGE
DWSCJPJT,DAIWA SECURITIES CAPITAL MARKETS CO.LTD.
FMACUS33,FREDDIE MAC
EIPFEGCA,EGYPTIAN INVESTOR PROTECTION FUND
SUFIFRPP,SUEZ SA
MRBAEGCB,BLOM BANK EGYPT S.A.E.
FCBCUS6L,FIRST COMMERCIAL BANK (USA)
FACIFRPP,FACTOBAIL
RBDSJPJT,RBC CAPITAL MARKETS (JAPAN) LTD. TOKYO
DAISJPJT,DAISHI BANK LTD.THE
IKBARUMM,DEXIA BANK CJSC
BKKBJPJT,BANGKOK BANK PUBLIC COMPANY LTD.
PPRFFRPP,PPR FINANCE
SMBCJPJT,SUMITOMO MITSUI BANKING CORPORATION
AGRIFRPP,CREDIT AGRICOLE
ICBKQAQA,INDUSTRIAL AND COMMERCIAL BANK OF CHINA LIMITED
BRASUS3M,BANCO DO BRASIL S.A
ARABFRPP,EUROPE ARAB BANK PLC
ECGPEGCA,ECONOMIC GROUP
AFXMEGCA,AFRICAN EXPORT IMPORT BANK
RPLAFRPP,SGAM BANQUE (FORMERLY BAREP BANQUE)
CCBPFRPP,BANQUE POPULAIRE DU MASSIF CENTRAL
BLOMQAQA,BLOM BANK QATAR LLC
EVRARUMM,EVRAZBANK OOO
GOLDUS33,GOLDMAN SACHS AND CO.
BMSOFR22,BM SOFTWARE
TTREFRPP,TOTAL TREASURY
ABOCUS33,AGRICULTURAL BANK OF CHINA NEW YORK BRANCH
FBOLUS6L,FIRST BANK
CKBKJPJN,CHUKYO BANK LIMITED THE
MOSBLV2X,LATVIAN BUSINESS BANK JOINT STOCK COMPANY
DEUTQAQA,DEUTSCHE BANK AG
KOEXFRPP,KOREA EXCHANGE BANK
CTCBJPJT,CHINATRUST COMMERCIAL BANK TOKYO BRANCH
ZENBJPJ2,SHINKIN CENTRAL BANK
BIMIUS33,BANCA IMI SECURITIES CORP.
ABCOUS33,ARAB BANKING CORPORATION
GSZGFRPP,GDF SUEZ
CCBCUS6L,CHANG HWA COMMERCIAL BANK LTD. LOS ANGELES BRANCH
CHEMUS33,CHEMICAL BANK
ITEHRU2P,ALEKSANDROVSKY BANK
EGKUEGCA,EGYPTIAN KUWAITI SECURITIES COMPANY
CRLYJPJ9,CREDIT AGRICOLE SECURITIES ASIA B.V.
CITVRU2P,CITY INVEST BANK
BDEBFR2R,BANQUE DE BRETAGNE
AGIGUS3W,AMERICAN INTERNATIONAL GROUP GLOBAL INVESTMENT GROUP
RBOSFRPP,THE ROYAL BANK OF SCOTLAND PLC PARIS BRANCH
CMBBRUMM,CITY MORTGAGE BANK OOO
CLBQFRCC,CLF BANQUE
CHGKJPJT,CHUGOKU BANK LTD. THE
CTBAJPJT,COMMONWEALTH BANK OF AUSTRALIA
SKCKJPJT,SHOKO CHUKIN BANK LTD. THE
DEUTRUMM,DEUTSCHE BANK OOO
FBOMUS3M,FIRST BANK OF MIAMI
BKCHJPJT,BANK OF CHINA
CEPAFRPP,CAISSE D'EPARGNE DE MIDI PYRENEES
BMCEFRPP,MEDICAPITAL BANK PLC SUCCURSALE EN FRANCE
AIGIUS33,AIG INTERNATIONAL INC.
MIDLFRCP,HSBC BANK PLC
DXAMFRPP,DEXIA ASSET MANAGEMENT
BICFFRPP,BANQUE INTERNATIONALE DE COMMERCE-BRED
BFTVVNVX,JOINT STOCK COMMERCIAL BANK FOR FOREIGN TRADE OF VIETNAM
PROCFRPP,PROCAPITAL SA
JSCGRU2V,AGROIMPULS JOINT STOCK COMMERCIAL BANK
EBRIRUMM,EASTBRIDGE BANK
ANSSUS33,ABBEY NATIONAL SECURITIES INC.
MONNFR22,MONABANQ.
NBPAAFKA,NATIONAL BANK OF PAKISTAN KABUL BRANCH
CIBGRUMM,CIBC ALLIANCE GROUP
OSICEGCA,OKAZ STOCK BROKERS AND INVESTMENT CONSULTANTS
WBCCRUMM,BANKHAUS ERBE
CMABRUMM,ABB BANK
BPCEFRPP,BPCE
EBBKEGCX,HSBC BANK EGYPT
DELUFR22,BANQUE DELUBAC ET CIE
BOJPJPJT,BANK OF JAPAN
CCBPFRPP,BANQUE POPULAIRE RIVES DE PARIS
EUMTRUMM,EUROMET BANK
BRASJPJT,BANCO DO BRASIL S.A.
CEPAFRPP,CAISSE D'EPARGNE DE BOURGOGNE FRANCHE-COMTE
BDTBRUMM,BANK OF THE DEVELOPMENT OF TECHNOLOGIES (COMMERCIAL BANK)
UNCRFRPP,UNICREDITO ITALIANO SPA - SUCCURSALE DE PARIS
ARAIEGCX,ARAB AFRICAN INTERNATIONAL BANK
FACFFRPP,GE FACTOFRANCE
EGABEGCA,EGYPTIAN AMERICAN CO. FOR BROKERAGE
YAMTJPJT,SMBC FRIEND SECURITIES CO. LTD
KBRBLV2X,TRASTA KOMERCBANKA
QNBAQAQA,QATAR NATIONAL BANK
PARBFRPM,BNP PARIBAS ASSET MANAGEMENT
CESAUS33,CENTRE ASSET MANAGEMENT LLC
COSSJPJT,COSMO SECURITIES CO. LTD.
BREDFRPP,BRED BANQUE POPULAIRE
BOFAFRPP,BANK OF AMERICA N.A. PARIS
DXMAFRPP,DEXIA MUNICIPAL AGENCY PARIS
ARLBEGCA,EGYPTIAN ARAB LAND BANK
MAFRQAQA,MASRAF AL RAYAN
SBINQAQA,STATE BANK OF INDIA QATAR FINANCIAL CENTRE BRANCH
CREDUS3M,BANCO DE CREDITO E INVERSIONES MIAMI BRANCH
STSCEGCA,STANDARD FOR SECURITIES
HANDRUMM,COMMERCIAL BANK SVENSKA HANDELSBANKEN (CLOSED JOINT STOCK COMPANY)
CBRFRUMM,CENTRAL BANK OF RUSSIAN FEDERATION
SWHQJPJT,SWIFT CUSTOMER SERVICE CENTRE JAPAN
KHOVRUMM,BANK KHOVANSKIY
CCBPFRPP,BANQUE POPULAIRE D'ALSACE
NOBSEGCA,ALNOURAN BROKERAGE AND SECURITIES
MIDLFRPX,HSBC BANK PLC
BCYPRUMM,BANK OF CYPRUS COMMERCIAL BANK LLC
CEFPFRPP,COUNCIL OF EUROPE DEVELOPMENT BANK
LAFGFRPP,LAZARD FRERES GESTION
BDEIFRPP,BANQUE THEMIS (FORMERLY BANQUE DE L'ILE DE FRANCE - B.D.E.I.)
SFAXFRPP,SOFAX BANQUE
BARCRUMM,BARCLAYS BANK LLC
BNABFRPP,BNP PARIBAS ARBITRAGE
MWBKAFKA,MAIWAND BANK
AGRBRU3A,AGROINKOMBANK
BADRDZAL,BANQUE DE L'AGRICULTURE ET DE DEVELOPPEMENT RURAL
HRIAEGCA,EL HORREYA SECURITIES BROKERAGE CO.
PRSEEGCA,PRIZMA SECURITIES COMPANY
IRVTJPJX,THE BANK OF NEW YORK MELLON TOKYO BRANCH
YROCFRPP,YVES ROCHER
CEPAFRPP,CAISSE D'EPARGNE D'ALSACE
AIBKUS3T,AIB BANK
KBLXFRPP,KBL RICHELIEU BANQUE PRIVEE
NAMKJPJT,NOMURA ASSET MANAGEMENT CO. LTD.
TDBKRUMM,BANK TROIKA DIALOG
AIRBFR22,AIRBUS SAS
EAABEGCX,ARAB BANKING CORPORATION EGYPT
DPFAJPJT,DEPFA BANK PLC
WABAEGCX,ALWATANY BANK OF EGYPT
CMASRUMM,COMMERCIAL BANK MAST BANK (JOINT STOCK COMPANY)
ITAUUS3M,BANCO ITAU EUROPA INTERNATIONAL
XCMEUS4F,CHICAGO MERCANTILE EXCHANGE
PUNBAFKA,PUNJAB NATIONAL BANK
CEPAFRPP,CAISSE D'EPARGNE NORMANDIE
CCBPFRPP,BANQUE POPULAIRE DU NORD
ABCOFRPP,ABC INTERNATIONAL BANK PARIS BRANCH
AIZKLV22,AIZKRAUKLES BANKA
ELBIRU22,ELBIN BANK
NDEALV2X,NORDEA BANK FINLAND PLC LATVIA BRANCH
ECLNFRPP,EUROCLEAR FRANCE
BOKIJPJZ,BANK OF OKINAWA LTD. THE
FJCBVNVX,FIRST JOINT STOCK COMMERCIAL BANK
RBOSJPJX,ROYAL BANK OF SCOTLAND PLC
HORZEGCA,HORIZON SECURITY BROKERAGE COMPANY
BEMOFRPP,BANQUE DE L'EUROPE MERIDIONALE SA
MISHEGCA,MEGA INVESTMENTS SECURITIES
NISIJPJT,THE NISHI-NIPPON CITY BANK LTD
ANFCUS33,ABERCROMBIE AND FITCH CO.
BCMAFRPP,ATTIJARIWAFA BANK
BFCOFRPP,BANQUE FRANCAISE COMMERCIALE DE L'OCEAN INDIEN
GLLLUS6S,GLASS LEWIS AND CO LLC
IBKOVNVX,INDUSTRIAL BANK OF KOREA HOCHIMINH BRANCH
BMISFRPP,BANQUE MISR - SUCCURSALE DE PARIS
BREUFR22,BANCA REGIONALE EUROPEA S.P.A.
CEPAFRPP,CAISSE D'EPARGNE DE POITOU CHARENTES
HABCEGCA,HA BROKERAGE COMPANY
CHGKJPJZ,CHUGOKU BANK LTD. THE
NBADEGCA,NATIONAL BANK OF ABU DHABI
KABUAFKA,KABUL BANK
BSIRQAQA,BANK SADERAT IRAN
DEUTJPJT,DEUTSCHE BANK AG
BDACEGCA,PRINCIPAL BANK FOR DEVELOPMENT AND AGRICULTURAL CREDIT
AVJSRUMM,AVANGARD BANK
QFIBQAQA,QATAR FIRST INVESTMENT BANK
BCPLUS33,BANCO DE CREDITO DEL PERU - MIAMI AGENCY
FEBKUS6L,1ST ENTERPRISE BANK
CCBPFRPP,BANQUE POPULAIRE BOURGOGNE FRANCHE COMTE
AZBAAFKA,AZIZI BANK
AMWYUS33,ALTICOR INC
PKOPFRPP,BANK POLSKA KASA OPIEKI S.A. SUCCURSALE DE PARIS
CCBPFRPP,BANQUE POPULAIRE LORRAINE CHAMPAGNE
BRATRU6B,BRATSKY NARODNY BANK JSC
UBOEEGCX,THE UNITED BANK
DYSTEGCA,DYNAMIC SECURITIES TRADING
SIGMEGCA,SIGMA SECURITIES BROKERAGE
UTUBFRPP,UNION TUNISIENNE DE BANQUES
ESSEFRPX,SKANDINAVISKA ENSKILDA BANKEN PARIS BRANCH
IPARFRPP,INTER PARFUMS S.A
FIEBUS3A,FIRST INTERCONTINENTAL BANK
REVIFRPP,BANQUE REVILLON
MCRBRUMM,CREDIT BANK OF MOSCOW (OPEN JOINT STOCK COMPANY)
EKATRUMM,EKATERININSKIJ APB OAO
BNPAFRPP,BNP-PARIBAS SA
DOCORU2R,DONINVEST COMMERCIAL BANK
SGBKJPJT,SAN-IN GODO BANK LTD. THE
APBAUS6L,AMERICAN PERSPECTIVE BANK
ROYCJPJT,ROYAL BANK OF CANADA
BMUSQAQA,BMI BANK B.S.C. QATAR BRANCH
EFALFRPP,EUROPEAN FUND ADMINISTRATION FRANCE S.A.S
BFTFRUMM,BANK BFT
CCBPFRPP,CRCMM DE BRETAGNE NORMANDIE
FMFBAFKA,FIRST MICROFINANCE BANK LTD. THE
SRFXJPJT,SURUGA BANK LTD. THE
QIIBQAQA,QATAR INTERNATIONAL ISLAMIC BANK
CECQQAQA,CITY EXCHANGE CO. W.L.L
DFSDFR22,MERCEDES-BENZ FINANCIAL SERVICES
ACBBUS6L,AMERICAN BUSINESS BANK
VBRILV2X,AS UNICREDIT BANK
CEPAFRPP,CAISSE D'EPARGNE DE LORRAINE CHAMPAGNE-ARDENNE
GPBAFRPP,GROUPAMA BANQUE
HOBREGCA,HONEST BROKERAGE
CHLBRU4C,CHELINDBANK
ORBEFRPP,ORBEO
BIDVVNVX,BANK FOR INVESTMENT AND DEVELOPMENT OF VIETNAM
AICHJPJN,AICHI BANK LTD. THE
TDAREGCA,EL TADAMOUN EL ARABI BROKERAGE COMPANY
PICTFRPP,PICTET AND CIE (EUROPE) S.A. SUCCURSALE DE PARIS
ALALRUMM,ALJBA ALLIANCE
BDIRFRPP,BOURSE DIRECT SA
SSBKJPJZ,SETO SHINKIN BANK THE
CSFXUS6S,CHARLES SCHWAB GLOBAL SERVICES CORP.
LIMXFRPP,LYXOR INTERNATIONAL ASSET MANAGEMENT
SOGEJPJT,SOCIETE GENERALE
FEIDRUMM,FEDERAL BANK FOR INNOVATION AND DEVELOPMENT
BCDMFRPP,BANQUE CHAABI DU MAROC
BTKZRU2K,BTA - KAZAN BANK
FHBKUS77,FIRST HAWAIIAN BANK
HEMSUS3M,1ST UNITED BANK
LBGAFRPP,LA BANQUE POSTALE ASSET MANAGEMENT
SGNPJPJT,SOCIETE GENERALE SECURITIES (NORTH PACIFIC) LTD.
KREDFRPP,KBC BANK NV PARIS
BNPAJPJT,BNP PARIBAS S.A. - TOKYO BRANCH
ROOTEGCA,THE ROOTS STOCK-BROKERAGE HOUSE
EXIRRUMM,EXIMBANK OF RUSSIA
MIRAEGCA,MIRAGE BROKERAGE
TARNFR2L,BANQUE TARNEAUD
BESCUS33,BANCO ESPIRITO SANTO
IXIRFRPP,NATIXIS SECURITIES
HMSKJPJT,THE HAMAMATSU SHINKIN BANK
CCBPFRPP,NATIXIS LEASE
BABJRU2P,BALTIYSKIY BANK
VINCFRPP,VINCI HOLDING
BNPAFRPH,BNP-PARIBAS SA
IABBVNVX,INDOVINA BANK LTD.
QIDBQAQA,QATAR DEVELOPMENT BANK
CONVRUMM,BANK INVESTBANK -CENTRAL' BRANCH
ICSPRU2P,BANK VTB NORTH-WEST
BNPAEGCX,BNP PARIBAS LE CAIRE
ECJORU4P,ECOPROMBANK JOINT-STOCK COMMERCIAL BANK
HABBFRPP,HABIB BANK LIMITED
SFRAFRPP,SAFRAN
AVGRRU22,AVTOGRADBANK
CRGEFR2X,BANCA CARIGE SPA
CCBPFRPP,MULTI ACCES BANQUE
CCBPFRPP,NATIXIS
BFTRFRPP,BFT - BANQUE DE FINANCEMENT ET DE TRESORERIE SA
AEGUUS44,AEGON USA INVESTMENT MANAGEMENT LLC
CEOAUS44,CERNER CORPORATION
ECLYRUMM,EUROCREDIT COMMERCIAL BANK LTD LIABILITY COMPANY
SCBLQAQX,STANDARD CHARTERED BANK
SSHBJPJT,SUGAMO SHINKIN BANK THE
CHDUFRPP,CHOLET DUPONT SA
ENGORU2K,ENERGOTRANSBANK
ARNLUS66,ARES MANAGEMENT LLC
BARCRU2M,BARCLAYS CAPITAL LIMITED LIABILITY COMPANY
BROUUS33,BANCO DE LA REPUBLICA ORIENTAL DEL URUGUAY
INGBFRPP,ING BELGIUM S.A. SUCCURSALE EN FRANCE
SICVFRPP,EUROCLEAR FRANCE
BNPAVNVN,BNP PARIBAS VIETNAM - HO CHI MINH CITY BRANCH
POALUS33,BANK HAPOALIM B.M.
RCBPFRPR,ROTHSCHILD AND CIE BANQUE
BALGDZAP,BANK OF ALGERIA
ECOCFRPP,EBI SA
FENBVNVX,FAR EAST NATIONAL BANK HO CHI MINH CITY BRANCH
ARTBRU3V,ART-BANK
PRFNRU2P,BANK PRIME FINANCE
BCITRUMM,BANCA INTESA ZAO MOSCOW
TSWQQAQA,TASWEEQ
CITIEGCX,CITIBANK CAIRO
EKNCRU4E,EKATERINBURG BANK
HLCEFRPP,CAISSES D'EPARGNE PARTICIPATIONS
EXCBRUMM,EXPRESS-CREDIT BANK
OCBCJPJT,OVERSEA-CHINESE BANKING CORPORATION LIMITED TOKYO BRANCH
EFGHEGCA,FINANCIAL BROKERAGE GROUP (FBG)
EHSCFR2P,EULER HERMES SFAC CREDIT
ATELFRPP,ALCATEL-LUCENT
BRGEFRPP,BRED GESTION
LEADEGCA,LEADERS
COBAFRPX,COMMERZBANK AG
SNAIJPJT,SHONAI BANK LTD. THE
SBOSJPJX,STATE STREET BANK AND TRUST COMPANY
ABCODZAL,ARAB BANKING CORPORATION - ALGERIA
CEPAFRPP,CAISSE D'EPARGNE BRETAGNE PAYS DE LOIRE
NMTBJPJT,THE NOMURA TRUST AND BANKING CO. LTD.
ISAEFRPP,CACEIS BANK
ESPCUS3N,BANCO ESPANOL DE CREDITO
BKKBVNVX,BANGKOK BANK PCL
EEBARUMM,EAST-EUROPEAN BANK FOR RECONSTRUCTION AND DEVELOPMENT
NFBKUS33,CAPITAL ONE N.A.
YMACEGCA,CAPITAL SECURITIES BROKERAGE
CAFEUS3M,BANCO DAVIVIENDA S.A.
PNBMJPJT,PHILIPPINE NATIONAL BANK TOKYO BRANCH
CCIVRU2R,CENTER-INVEST CB
BOTKRUMM,BANK OF TOKYO-MITSUBISHI UFJ (EURASIA) ZAO
AMSOEGCA,AMAN SECURITIES COMPANY
CBBORU8V,COMMERCIAL BANK SUMMIT BANK OPEN JOINT STOCK COMPANY
CCBPFRPP,BANQUE POPULAIRE DE L'OUEST
BKIDJPJT,BANK OF INDIA
CINGRUMM,CAPITAL KREDIT LTD
XPARFRPP,EURONEXT PARIS S.A.
BPSMFRPP,BANQUE BCP
UNSBEGCA,UNIVERSAL SECURITIES EXCHANGE FOR BROKERAGE
DLBOQAQA,DLALA BROKERAGE LLC
NOCUJPJT,NORINCHUKIN BANK THE
ENCBRU55,ENISEY (PUBLIC COMPANY) JSCB
GRPSQAQA,THE GROUP SECURITIES
FAMBUS44,FIRST AMERICAN BANK
DEIBEGCX,AHLI UNITED BANK (EGYPT) S.A.E.
CHAIFR2A,BANQUE CHAIX
FGBMQAQA,FIRST GULF BANK QATAR FINANCIAL CENTRE
DORIRUMM,DORIS BANK
BLICFRPX,HSBC PRIVATE BANK FRANCE
FDUSUS55,FIRST DATA CORPORATION
METGFRP2,METROPOLE GESTION
BINORUMM,B AND N BANK (JOINT-STOCK COMPANY)
BECHUS33,BANCO ESTADO DE CHILE NEW YORK BRANCH.
MECLRU4C,BANK MONETNY DOM
TRCBRU2K,ENERGOBANK
AGFMFRPP,AGF ASSET MANAGEMENT
UCSRRUMM,CJSC UNICREDIT SECURITIES
BADJRUMM,BALTIK DEVELOPMENT BANK
ELBAFRPP,ELECTRO BANQUE
BOTKJPJT,BANK OF TOKYO-MITSUBISHI UFJ LTD. THE
ANTSUS33,ABBEY NATIONAL TREASURY SERVICES LTD US BRANCH
BDLODZAL,BANQUE DE DEVELOPPEMENT LOCAL
EUGPFR22,EUROPEENE DE GESTION PRIVEE
FAECRU8K,FAR EASTERN COMMERCIAL BANK OAO
BOSSJPJT,THE 77 BANKLTD.
LMEFFR22,LAMINES MARCHANDS EUROPEENS
FNETFRPP,FASTNET FRANCE
NRIWJPJT,NOMURA RESEARCH INSTITUTE LTD.
CHINRU4C,CHELYABINVESTBANK
GNWFUS33,GENWORTH LIFE INSURANCE COMPANY
CHASFRPP,JPMORGAN CHASE BANK N.A.
HDBKEGCA,HOUSING AND DEVELOPMENT BANK
FIDQUS3B,FIDELITY SERVICE CO
BSCHUS33,BANCO SANTANDER S.A. NEW YORK
SFGFFRCP,OSEO GARANTIE
BFLBUS3M,BAC FLORIDA BANK
BPARFRPP,FORTIS BANQUE FRANCE
GENEUS33,GENERAL ELECTRIC COMPANY
GPAMFRPP,GROUPAMA ASSET MANAGEMENT
HSBCVNVX,HSBC BANK (VIETNAM) LTD.
CKBBRUMM,CENTROKREDIT BANK
LATBLV22,NORVIK BANKA JSC
GHBKAFKA,GHAZANFAR BANK
SALGDZAL,AL SALAM BANK ALGERIA
ATBTRUMM,ATB BANK
BSABUS3X,BANCO DE SABADELL S.A.
BDBMRUMM,BUSINESS DEVELOPMENT BANK
CRESJPJT,CREDIT SUISSE AG TOKYO BRANCH
DXMAFRCC,DEXIA MUNICIPAL AGENCY PARIS
PSSTFRPP,LA BANQUE POSTALE
BPASFRPP,BNP PARIBAS FUND SERVICES SAS
GSTHEGCA,MASHREQ TRADE
AFEIUS6L,ASSOCIATED FOREIGN EXCHANGE INC
IFABFRPP,BSI-IFABANQUE SA
UNLALV2X,SEB BANKA
BRECRU2S,ECONOMBANK ZAO
BEXADZAL,BANQUE EXTERIEURE D'ALGERIE
CAPGFRPP,CAP GEMINI SERVICE SAS
DESGEGCA,DELTA RASMALA SECURITIES
GEOORUMM,CB GENBANK OOO
CFFRFRPP,CREDIT FONCIER DE FRANCE
ALECEGAL,UNION NATIONAL BANK-EGYPT S.A.E.
UBALLV2X,JSC LATVIJAS KRAJBANKA
BOXXFRPP,BOX AND AUTOMATION SOLUTION
BFGBRUMM,BFG-CREDIT BANK
JUGRRUMM,BANK JUGRA
EVRFRUMM,EVROFINANCE MOSNARBANK
BLAEUS3X,BANCO LATINOAMERICANO DE COMERCIO EXTERIOR S.A.
FRBBUS6S,FIRST REPUBLIC BANK A BANK IN ORGANIZATION
MSHQEGCA,MASHREQ BANK
ALYIUS33,ALLY FINANCIAL INC
SCSJJPJT,SUMISHO COMPUTER SYSTEMS CORPORATION
AKITJPJT,AKITA BANK LTD.THE
EXANFRPP,EXANE S.A.
CLFRFRPP,DEXIA CREDIT LOCAL
RABOJPJT,RABOBANK NEDERLAND TOKYO BRANCH
BSCHFRPP,BANCO SANTANDER S.A.
AKOARU22,AKIBANK JSC
SLBSFRCC,BANQUE LEHMAN BROTHERS
AWABJPJT,AWA BANK LTD. THE
AMBCUS6L,AMB PROPERTY L.P.
DAREJPJT,DAIWA SECURITIES CO.LTD.
NBADFRPP,NATIONAL BANK OF ABU DHABI
UZESFRCP,FINANCIERE D'UZES
OSOLEGCA,OSOOL ESB FOR SECURITIES BROKERAGE
CPRMFRPP,CPR ASSET MANAGEMENT
ANZBJPJX,AUSTRALIA AND NEW ZEALAND BANKING GROUP LIMITED
JASOFR2P,JASON INFORMATIQUE
OKASJPJT,OKASAN SECURITIES CO. LTD.
XCMEUS4C,CHICAGO MERCANTILE EXCHANGE
BOUSFRPP,BOURSORAMA
MELIRUMM,BANK MELLI IRAN ZAO
SPAXJPJT,SPARX ASSET MANAGEMENT CO. LTD.
VESAFR22,VINCI ENERGIES
ADPGUS33,ADP GLOBAL PROXY SERVICES
CHVARU2C,CHUVASHCREDITPROMBANK OAO
HDBCVNVX,HOUSING DEVELOPMENT COMMERCIAL J.S. BANK - HCMC
BKIDFRPP,BANK OF INDIA
NCBTJPJT,AOZORA BANK LTD
AGILUS6S,AGILENT TECHNOLOGIES INC
CCBPFRPP,BANQUE POP CENTRE ATLANTIQUE
BKKBUS33,BANGKOK BANK PUBLIC COMPANY LIMITED NEW YORK
BOTKJPJ2,BANK OF TOKYO-MITSUBISHI UFJ LTD.THE
SVIBRUMM,FERROBANK LLC
FTBCUS3C,FIFTH THIRD BANK
BKAFRUMM,AF BANK
CIBRFRPP,CIB FINANCE
SOUFFR22,ETS J SOUFFLET
BESVFRPP,BANQUE ESPIRITO SANTO ET DE LA VENETIE
EBAPFRPP,ABE CLEARING SAS/EBA CLEARING
INDSUS33,BANCO INDUSTRIAL DE VENEZUELA
NOSCJPJT,BANK OF NOVA SCOTIATHE
NBEGEGCX,NATIONAL BANK OF EGYPT
AFGUAFKA,AFGAN UNITED BANK
MULTLV2X,AS SMP BANK
BMISEGCX,BANQUE MISR
ALUMUS33,ALCOA INC.
CPMEFRPP,OSEO FINANCEMENT
ALHOFRPP,ALSTOM HOLDINGS
AFGBAFKA,DA AFGHANISTAN BANK
OXYLFR22,DECATHLON SA
GSHSEGCA,GOLDEN SHARE SECURITIES
CTCBVNVX,CHINATRUST COMMERCIAL BANK HO CHI MINH CITY BRANCH
BYBBFRPP,BYBLOS BANK EUROPE S.A. (PARIS BRANCH)
AJSCRU55,ACCEPT CB OAO
NBPAFRPP,NATIONAL BANK OF PAKISTAN
CHIJRU77,CHITAPROMSTROYBANK OAO
COMMJPJT,BANK OF COMMUNICATIONS TOKYO BRANCH
CCBPFRPP,BANQUE POPULAIRE PROVENCALE ET CORSE
GBNKVNVX,GLOBAL PETRO COMMERCIAL JOINT STOCK BANK
NMRSJPJT,NOMURA SECURITIES CO. LTD.
