source-AUSTRALIA AND NEW ZEALAND BANKING GROUP LIMITED,target-#NAME?
BANKE MILLIE AFGHAN,AFGHANISTAN
DA AFGHANISTAN BANK,AFGHANISTAN
BRAC AFGHANISTAN BANK,AFGHANISTAN
NATIONAL BANK OF PAKISTAN KABUL BRANCH,AFGHANISTAN
MAIWAND BANK,AFGHANISTAN
GHAZANFAR BANK,AFGHANISTAN
PASHTANY BANK,AFGHANISTAN
BAKHTAR BANK,AFGHANISTAN
AFGHANISTAN INTERNATIONAL BANK,AFGHANISTAN
FIRST MICROFINANCE BANK LTD. THE,AFGHANISTAN
AZIZI BANK,AFGHANISTAN
HABIB BANK LIMITED,AFGHANISTAN
PUNJAB NATIONAL BANK,AFGHANISTAN
AFGAN UNITED BANK,AFGHANISTAN
KABUL BANK,AFGHANISTAN
ARAB BANK PLC ALGERIA,ALGERIA
BANQUE ALGERIENNE DE DEVELOPPEMENT,ALGERIA
BANQUE DE L'AGRICULTURE ET DE DEVELOPPEMENT RURAL,ALGERIA
BANQUE AL-BARAKA D'ALGERIE,ALGERIA
BANQUE DU MAGHREB ARABE POUR L'INVESTISSEMENT ET LE COMMERCE,ALGERIA
BANQUE EXTERIEURE D'ALGERIE,ALGERIA
ALGERIA GULF BANK,ALGERIA
BANK OF ALGERIA,ALGERIA
BANQUE DE DEVELOPPEMENT LOCAL,ALGERIA
AL SALAM BANK ALGERIA,ALGERIA
BANCO CENTRAL DE CUBA,CUBA
BANCO INDUSTRIAL DE VENEZUELA- CUBA S.A.,CUBA
BANCO EXTERIOR DE CUBA,CUBA
BANCO METROPOLITANO S.A.,CUBA
BANCO DE INVERSIONES S.A.,CUBA
BANCO NACIONAL DE CUBA,CUBA
BANCO POPULAR DE AHORRO,CUBA
BANCO FINANCIERO INTERNACIONAL S.A.,CUBA
BANCO INTERNACIONAL DE COMERCIO S.A.,CUBA
BANCO DE CREDITO Y COMERCIO,CUBA
Bank or Institution,City
Bank or Institution,Country
HONEST BROKERAGE,EGYPT
EGYPTIAN ARAB LAND BANK,EGYPT
BANQUE MISR,EGYPT
EGYPTIAN SAUDI FINANCE BANK,EGYPT
EL TADAMOUN EL ARABI BROKERAGE COMPANY,EGYPT
INTERCAPITAL SECURITIES,EGYPT
HORIZON SECURITY BROKERAGE COMPANY,EGYPT
EL HORREYA SECURITIES BROKERAGE CO.,EGYPT
BELTONE SECURITIES BROKERAGE S.A.E,EGYPT
ALIAA STOCK BROKERAGE HOUSE,EGYPT
OSOOL ESB FOR SECURITIES BROKERAGE,EGYPT
EL OROUBA BROKERAGE FIRM,EGYPT
SUEZ CANAL BANK,EGYPT
BANK OF ALEXANDRIA S A E,EGYPT
LUXOR SECURITIES BROKERAGE,EGYPT
COMMERCIAL INTERNATIONAL BANK (EGYPT) S.A.E.,EGYPT
NILEONE BROKERS,EGYPT
SOCIETE ARABE INTERNATIONALE DE BANQUE,EGYPT
AHLI UNITED BANK (EGYPT) S.A.E.,EGYPT
MUBASHER TRADE,EGYPT
NEW BRENT FOR SECURITIES BROKERAGE,EGYPT
MISR IRAN DEVELOPMENT BANK,EGYPT
NATIONAL BANK OF GREECE (EGYPT NETWORK),EGYPT
PIONEERS SECURITIES,EGYPT
CENTRAL BANK OF EGYPT CAIRO,EGYPT
ALWATANY BANK OF EGYPT,EGYPT
EXPORT DEVELOPMENT BANK OF EGYPT,EGYPT
PRIZMA SECURITIES COMPANY,EGYPT
DELTA RASMALA SECURITIES,EGYPT
FAISAL ISLAMIC BANK OF EGYPT,EGYPT
ALAHRAM SECURITIES BROKERAGE CO.,EGYPT
HSBC BANK EGYPT,EGYPT
BANQUE DU CAIRE,EGYPT
IFA SECURITIES BROKERAGE,EGYPT
TYCOON FOR SECURITIES,EGYPT
SIGMA SECURITIES BROKERAGE,EGYPT
PHAROS SECURITIES,EGYPT
ALNOURAN BROKERAGE AND SECURITIES,EGYPT
NATIONAL BANK FOR DEVELOPMENT,EGYPT
THE UNITED BANK,EGYPT
PIRAEUS BANK - EGYPT S.A.E.,EGYPT
METRO CO. FOR BOOK KEEPING AND STOCK DEALING,EGYPT
EGYPTION EMIRATIES BROKERAGE,EGYPT
ARAB BANKING CORPORATION EGYPT,EGYPT
MEGA INVESTMENTS SECURITIES,EGYPT
SAMBA TADAWOL MISR BROKERAGE,EGYPT
GLOBAL CAPITAL,EGYPT
EGYPTIAN INVESTOR PROTECTION FUND,EGYPT
INDUSTRIAL DEVELOPMENT AND WORKERS BANK OF EGYPT,EGYPT
NATIONAL POST ORGANIZATION,EGYPT
SAUDI EGYPTION CO. FOR SECURITIES BROKERAGE,EGYPT
MASHREQ BANK,EGYPT
EGYPTIAN KUWAITI SECURITIES COMPANY,EGYPT
DYNAMIC SECURITIES TRADING,EGYPT
THE ROOTS STOCK-BROKERAGE HOUSE,EGYPT
JAZIRA SECURITIES BROKERAGE,EGYPT
CAPITAL SECURITIES BROKERAGE,EGYPT
AL SHOROUK BROKERAGE CO.,EGYPT
PRIME SECURITIES BROKERAGE CO.,EGYPT
NATIONAL BANK OF OMAN (SAOG),EGYPT
MASHREQ TRADE,EGYPT
PHARAONIC BROKERAGE CO.,EGYPT
BLOM BANK EGYPT S.A.E.,EGYPT
HALWAN BROKERAGE CO.,EGYPT
GURANTEE FOR BROKERAGE,EGYPT
ARAB INVESTMENT BANK,EGYPT
UNITED BROKERAGE CORPORATION,EGYPT
COMMERCIAL INTERNATIONAL BROKERAGE COMPANY,EGYPT
PREMIERE SECURITIES,EGYPT
CAIRO STOCK BROKERAGE COMPANY,EGYPT
NATIONAL INVESTMENT BANK,EGYPT
CREDIT AGRICOLE EGYPT,EGYPT
MCSD MISR FOR CLEARINGDEPOSITORY AND REGISTRY,EGYPT
GOLDEN SHARE SECURITIES,EGYPT
ELNOUR SECURITIES,EGYPT
ECONOMIC GROUP,EGYPT
OKAZ STOCK BROKERS AND INVESTMENT CONSULTANTS,EGYPT
BNP PARIBAS LE CAIRE,EGYPT
TADAWOL SECURITIES BROKERAGE CO.,EGYPT
EGYPTIAN WORKERS BANK,EGYPT
ARAB INTERNATIONAL BANK,EGYPT
TEAM FOR STOCK EXCHANGE,EGYPT
FINANCIAL BROKERAGE GROUP (FBG),EGYPT
NATIONAL SOCIETE GENERALE BANK S.A.E.,EGYPT
EGYPTIAN AMERICAN CO. FOR BROKERAGE,EGYPT
NATIONAL BANK OF EGYPT,EGYPT
BANK OF NOVA SCOTIATHE,EGYPT
OPTIMA SECURITIES BROKERAGE,EGYPT
PRINCIPAL BANK FOR DEVELOPMENT AND AGRICULTURAL CREDIT,EGYPT
NAEEM BROKERAGE,EGYPT
AMAN SECURITIES COMPANY,EGYPT
AL ROWAD FOR SECURITIES BROKERAGE,EGYPT
AFRICAN EXPORT IMPORT BANK,EGYPT
ARABEYA ON LINE,EGYPT
BORAK SECURITIES COMPANY,EGYPT
BARCLAYS BANK - EGYPT S.A.E.,EGYPT
EGYPT STOCKS,EGYPT
UNION NATIONAL BANK-EGYPT S.A.E.,EGYPT
ARAB BANK PLC,EGYPT
NATIONAL BANK OF ABU DHABI,EGYPT
ARAB AFRICAN INTERNATIONAL BANK,EGYPT
STANDARD FOR SECURITIES,EGYPT
HSBC SECURITIES EGYPT S.A.E.,EGYPT
HOUSING AND DEVELOPMENT BANK,EGYPT
HA BROKERAGE COMPANY,EGYPT
LEADERS,EGYPT
MIRAGE BROKERAGE,EGYPT
GRAND INVESTMENT SECURITIES,EGYPT
UNIVERSAL SECURITIES EXCHANGE FOR BROKERAGE,EGYPT
EGYPTIAN GULF BANK,EGYPT
CITIBANK CAIRO,EGYPT
BANQUE CHAIX,FRANCE
MEGA INTERNATIONAL COMMERCIAL BANK CO. LTD.,FRANCE
ABC INTERNATIONAL BANK PARIS BRANCH,FRANCE
CAISSE D'EPARGNE DE MIDI PYRENEES,FRANCE
MONABANQ.,FRANCE
FRANCE TELECOM SA,FRANCE
QATAR NATIONAL BANK,FRANCE
RBC DEXIA INVESTOR SERVICES BANK FRANCE,FRANCE
DEUTSCHE BANK AG,FRANCE
FAURECIA,FRANCE
ING BELGIUM S.A. SUCCURSALE EN FRANCE,FRANCE
KBC BANK NV PARIS,FRANCE
GE FACTOFRANCE,FRANCE
CREDIT MUTUEL,FRANCE
ACCENTURE INSURANCE SERVICES,FRANCE
MONTE PASCHI BANQUE S.A.,FRANCE
BANQUE AIG PARIS HEAD OFFICE,FRANCE
CPR ASSET MANAGEMENT,FRANCE
CREDIT MUTUEL ARKEA,FRANCE
JPMORGAN CHASE BANK N.A.,FRANCE
BANQUE POPULAIRE DU MASSIF CENTRAL,FRANCE
GIRAUD INTERNATIONAL,FRANCE
ARCELOR TREASURY SNC,FRANCE
OSEO FINANCEMENT,FRANCE
CAIXA GERAL DE DEPOSITOS,FRANCE
BANQUE CHAABI DU MAROC,FRANCE
SOCIETE CENTRALE DE CREDIT MARITIME MUTUEL,FRANCE
CPI,FRANCE
BANQUE DUPUY DE PARSEVAL,FRANCE
RABOBANK SUCCURSALE DE PARIS,FRANCE
BANQUE COURTOIS S.A.,FRANCE
HSBC FRANCE,FRANCE
STATE BANK OF INDIA PARIS BRANCH,FRANCE
BANCO SANTANDER S.A.,FRANCE
EFG BANQUE PRIVEE,FRANCE
FINANCIERE D'UZES,FRANCE
HABIB BANK LIMITED,FRANCE
ROTHSCHILD AND CIE BANQUE,FRANCE
ETS J SOUFFLET,FRANCE
BANQUES POPULAIRES PARTICIPATIONS,FRANCE
CREDIT SUISSE (FRANCE) PARIS,FRANCE
EURO-VL,FRANCE
GROUPAMA ASSET MANAGEMENT,FRANCE
BANQUE SBA,FRANCE
COMPAGNIE DE FINANCEMENT FONCIER,FRANCE
PPR FINANCE,FRANCE
CRCMM DE BRETAGNE NORMANDIE,FRANCE
FORTIS BANQUE FRANCE,FRANCE
LLOYDS TSB BANK PLC PARIS,FRANCE
BOURSORAMA,FRANCE
KOREA EXCHANGE BANK,FRANCE
NATIONAL BANK OF ABU DHABI,FRANCE
BANQUE TARNEAUD,FRANCE
UBS (FRANCE) S.A.,FRANCE
RCIBANQUE S.A.,FRANCE
DEXIA MUNICIPAL AGENCY PARIS,FRANCE
BNP PARIBAS EQUITIES FRANCE,FRANCE
BANQUE POPULAIRE BOURGOGNE FRANCHE COMTE,FRANCE
SUEZ SA,FRANCE
BANQUE POPULAIRE LORRAINE CHAMPAGNE,FRANCE
BNP PARIBAS ARBITRAGE,FRANCE
ATTIJARIWAFA BANK,FRANCE
CAISSE D'EPARGNE DE POITOU CHARENTES,FRANCE
SVENSKA HANDELSBANKEN AB,FRANCE
BANQUE DE GESTION PRIVEE-SIB,FRANCE
IKB DEUTSCHE INDUSTRIEBANK A.G. SUCCURSALE DE PARIS,FRANCE
EUROPEENE DE GESTION PRIVEE,FRANCE
BANQUE D'ESCOMPTE,FRANCE
NATIONAL BANK OF KUWAIT (INTERNATIONAL) PLC PARIS BRANCH,FRANCE
CAISSE D'EPARGNE D'ALSACE,FRANCE
BANQUE POPULAIRE DU NORD,FRANCE
CLF BANQUE,FRANCE
SOFIPROTEOL,FRANCE
CAISSE D'EPARGNE NORMANDIE,FRANCE
LA BANQUE POSTALE ASSET MANAGEMENT,FRANCE
BANQUE POPULAIRE D'ALSACE,FRANCE
CREDIT COOPERATIF,FRANCE
BANK OF CHINA PARIS BRANCH,FRANCE
AIRBUS SAS,FRANCE
CREDIT SUISSE AG PARIS BRANCH,FRANCE
AL KHALIJI FRANCE S.A.,FRANCE
YVES ROCHER,FRANCE
SUMITOMO MITSUI BANKING CORPORATION EUROPE LIMITED,FRANCE
CAISSE D'EPARGNE DE BOURGOGNE FRANCHE-COMTE,FRANCE
WESTLB AG PARIS,FRANCE
UNION TUNISIENNE DE BANQUES,FRANCE
CREDIT DU MAROC - SUCCURSALE DE PARIS,FRANCE
BANQUE POPULAIRE RIVES DE PARIS,FRANCE
LEHMAN BROTHERS INTERNATIONAL (EUROPE) PARIS BRANCH,FRANCE
ALSYON TECHNOLOGIES,FRANCE
BANQUE BCP,FRANCE
CAISSE CENTRALE DU CREDIT IMMOBILIER DE FRANCE,FRANCE
BANQUE DE SAVOIE S.A.,FRANCE
PICTET AND CIE (EUROPE) S.A. SUCCURSALE DE PARIS,FRANCE
COMMERZBANK AG,FRANCE
EUROCLEAR FRANCE SA,FRANCE
D.I.M.O. GESTION,FRANCE
NATIONAL BANK OF PAKISTAN,FRANCE
BANQUE MISR - SUCCURSALE DE PARIS,FRANCE
DECATHLON SA,FRANCE
BANQUE POPULAIRE DE L'OUEST,FRANCE
NATIXIS SECURITIES,FRANCE
MTS FRANCE SAS,FRANCE
DUBUS SA,FRANCE
BANQUE LEHMAN BROTHERS,FRANCE
EBI SA,FRANCE
IPSEN,FRANCE
CIB FINANCE,FRANCE
CAISSE D'EPARGNE BRETAGNE PAYS DE LOIRE,FRANCE
EUROPE ARAB BANK PLC,FRANCE
BANQUE THEMIS (FORMERLY BANQUE DE L'ILE DE FRANCE - B.D.E.I.),FRANCE
UNICREDIT BANK AG (HYPOVEREINSBANK) PARIS,FRANCE
BANQUE DE BRETAGNE,FRANCE
BOX AND AUTOMATION SOLUTION,FRANCE
ORBEO,FRANCE
INVESCO GESTION,FRANCE
CAP GEMINI SERVICE SAS,FRANCE
CNP ASSURANCES,FRANCE
SOCIETE DES PAIEMENTS PASS SA,FRANCE
LAZARD FRERES BANQUE,FRANCE
NATIXIS,FRANCE
BANQUE ESPIRITO SANTO ET DE LA VENETIE,FRANCE
FDI FRANCE,FRANCE
MULTI ACCES BANQUE,FRANCE
BYBLOS BANK EUROPE S.A. (PARIS BRANCH),FRANCE
THALES SA,FRANCE
NATIXIS LEASE,FRANCE
CREDIT COMMERCIAL DE FRANCE,FRANCE
LVMH - MOET HENNESSY LOUIS VUITTON,FRANCE
CAISSE D'EPARGNE DE LORRAINE CHAMPAGNE-ARDENNE,FRANCE
CAISSE DES DEPOTS ET CONSIGNATIONS,FRANCE
BANQUE DE REALISATIONS DE GESTION ET DE FINANCEMENT,FRANCE
AXA BANQUE SA,FRANCE
FACTOBAIL,FRANCE
BANQUE RHONE ALPES,FRANCE
GROUPAMA BANQUE,FRANCE
BONNA SABLA SA,FRANCE
BANK MELLI IRAN,FRANCE
CM - CIC BANQUES,FRANCE
BSI-IFABANQUE SA,FRANCE
BANK SEPAH,FRANCE
BNP PARIBAS FINAMS,FRANCE
BANQUE POPULAIRE PROVENCALE ET CORSE,FRANCE
LAFARGE SA,FRANCE
ABE CLEARING SAS/EBA CLEARING (SYSTEM OPERATOR),FRANCE
PROCAPITAL SA,FRANCE
COMMERZBANK AG PARIS BRANCH (FORMERLY DRESDNER BANK AG PARIS BRANCH),FRANCE
BGFI INTERNATIONAL,FRANCE
ELECTRICITE DE FRANCE,FRANCE
BLOM BANK FRANCE,FRANCE
ISBANK GMBH,FRANCE
SOCRAM BANQUE,FRANCE
LA COMPAGNIE FINANCIERE ED. DE ROTHSCHILD BANQUE,FRANCE
BANK POLSKA KASA OPIEKI S.A. SUCCURSALE DE PARIS,FRANCE
BANQUE POP CENTRE ATLANTIQUE,FRANCE
SG ASSET MANAGEMENT,FRANCE
AMUNDI ASSET MANAGEMENT,FRANCE
BANQUE REVILLON,FRANCE
CAISSES D'EPARGNE PARTICIPATIONS,FRANCE
LOMBARD ODIER DARIER HENTSCH AND CIE (FRANCE) SA,FRANCE
BANQUE MARTIN-MAUREL,FRANCE
BANQUE LAYDERNIER,FRANCE
GE CORPORATE FINANCE BANK,FRANCE
BANQUE LEHMAN BROTHERS S.A. PARIS,FRANCE
APTAR GROUP SAS,FRANCE
FRANSABANK FRANCE S.A.,FRANCE
INTER PARFUMS S.A,FRANCE
AFFINE SA,FRANCE
TOTAL CAPITAL,FRANCE
JASON INFORMATIQUE,FRANCE
BANQUE PALATINE (FORMERLY BANQUE SANPAOLO),FRANCE
DANONE FINANCE S.A.,FRANCE
HSBC PRIVATE BANK FRANCE,FRANCE
CREDIT AGRICOLE CHEUVREUX,FRANCE
BANK OF AMERICA N.A. PARIS,FRANCE
BFT - BANQUE DE FINANCEMENT ET DE TRESORERIE SA,FRANCE
HSBC CCF SECURITIES (FRANCE) S.A.,FRANCE
SOCIETE MARSEILLAISE DE CREDIT,FRANCE
FASTNET FRANCE,FRANCE
CAISSE D'EPARGNE ILE DE FRANCE NORD,FRANCE
COFACREDIT,FRANCE
CREDIT FONCIER DE FRANCE,FRANCE
BANQUE MICHEL INCHAUSPE - BAMI,FRANCE
CAISSE D'EPARGNE AUVERGNE LIMOUSIN,FRANCE
VTB BANK (FRANCE) S.A.,FRANCE
VINCI HOLDING,FRANCE
BRED GESTION,FRANCE
VIVENDI,FRANCE
F.B.F. (FORTIS BANQUE FRANCE),FRANCE
METROPOLE GESTION,FRANCE
FORTIS BANK SA/NV PARIS BRANCH,FRANCE
GIE AXA FRANCE,FRANCE
BANQUE POPULAIRE DU SUD,FRANCE
CORTAL CONSORS FRANCE,FRANCE
COUNCIL OF EUROPE DEVELOPMENT BANK,FRANCE
BANQUE POPULAIRE DU SUD-OUEST,FRANCE
AREVA SA,FRANCE
CREDIT DU NORD,FRANCE
GAZ DE FRANCE,FRANCE
ABE CLEARING SAS/EBA CLEARING,FRANCE
VEOLIA ENVIRONNEMENT SA,FRANCE
GDF SUEZ,FRANCE
COMPAGNIE FINANCIERE EDMOND DE ROTHSCHILD BANQUE LA,FRANCE
CREDIT COMMERCIAL DU SUD-OUEST,FRANCE
CASDEN-BANQUE POPULAIRE,FRANCE
COFIDIS,FRANCE
BNP PARIBAS FUND SERVICES SAS,FRANCE
ALCATEL-LUCENT,FRANCE
BNP PARIBAS ASSET MANAGEMENT,FRANCE
CREDIT MUTUEL - CIC BANQUES,FRANCE
CAISSE D'EPARGNE DE HAUTE NORMANDIE,FRANCE
CAISSE D'EPARGNE RHONE ALPES,FRANCE
BANQUE DELUBAC ET CIE,FRANCE
CAISSE D'EPARGNE DE LOIRE DROME ARDECHE,FRANCE
LYXOR INTERNATIONAL ASSET MANAGEMENT,FRANCE
MERCEDES-BENZ FINANCIAL SERVICES,FRANCE
LAMINES MARCHANDS EUROPEENS,FRANCE
BPCE,FRANCE
SKANDINAVISKA ENSKILDA BANKEN PARIS BRANCH,FRANCE
BANQUE NEUFLIZE OBC,FRANCE
BANQUE D'ORSAY,FRANCE
BANQUE POPULAIRE LOIRE ET LYONNAIS,FRANCE
FINANCIERE BOURBON,FRANCE
CAISSE D'EPARGNE DU LANGUEDOC ROUSSILLON,FRANCE
BANQUE INTERNATIONALE DE COMMERCE-BRED,FRANCE
SAARLB FRANCE,FRANCE
BANK OF TOKYO-MITSUBISHI UFJ LTD. THE,FRANCE
MIZUHO CORPORATE BANK LTD. PARIS BRANCH,FRANCE
DUBUS S.A.,FRANCE
ELECTRO BANQUE,FRANCE
EURONEXT PARIS S.A.,FRANCE
CNCE GESTITRES,FRANCE
EULER HERMES SFAC CREDIT,FRANCE
BANQUE PSA FINANCE SA,FRANCE
UNION DE BANQUES ARABES ET FRANCAISES,FRANCE
BNP-PARIBAS SA,FRANCE
DEXIA CREDIT LOCAL,FRANCE
THE ROYAL BANK OF SCOTLAND N.V. (FRANCE),FRANCE
CREDIT LYONNAIS,FRANCE
CAISSE D'EPARGNE D'ILE DE FRANCE OUEST,FRANCE
CRC MARIT MUTUEL DU LITTORAL SUD OUEST,FRANCE
CAISSE D'EPARGNE AQUITAINE POITOU CHARENTES,FRANCE
SOCIETE GENERALE,FRANCE
BANCA REGIONALE EUROPEA S.P.A.,FRANCE
BANQUE FEDERALE DES BANQUES POPULAIRES (BANQUES POPULAIRES REGIONALES),FRANCE
EXANE S.A.,FRANCE
BANQUE PELLETIER,FRANCE
KBL RICHELIEU BANQUE PRIVEE,FRANCE
VINCI ENERGIES,FRANCE
BANQUE DE L'EUROPE MERIDIONALE SA,FRANCE
BM SOFTWARE,FRANCE
CAISSE D'EPARGNE DE LORRAINE,FRANCE
HSBC BANK PLC,FRANCE
BOISSIERE FINANCE,FRANCE
AGF ASSET MANAGEMENT,FRANCE
BANQUE POPULAIRE ATLANTIQUE,FRANCE
ODDO ET CIE,FRANCE
CACEIS BANK,FRANCE
SOFAX BANQUE,FRANCE
BANCO BILBAO VIZCAYA ARGENTARIA,FRANCE
CPRPSNCF,FRANCE
CREDIT AGRICOLE CIB,FRANCE
BANK OF INDIA,FRANCE
LYXOR ASSET MANAGEMENT,FRANCE
EUROCLEAR FRANCE,FRANCE
CP OR DEVISES,FRANCE
VINCI CONSTRUCTION FRANCE,FRANCE
BANQUE SAFRA,FRANCE
BANQUE PRIVEE 1818,FRANCE
BANQUE POPULAIRE VAL DE FRANCE,FRANCE
ODDO ET CIE ENTREPRISE D'INVESTISSEMENT,FRANCE
BANK SADERAT IRAN - PARIS BRANCH,FRANCE
HSBC ASSET MANAGEMENT (EUROPE) SA,FRANCE
BANCA CARIGE SPA,FRANCE
BANQUE POPULAIRE COTE D'AZUR,FRANCE
FBN BANK UK LTD,FRANCE
ALLIANZ BANQUE S.A.,FRANCE
SINOPIA ASSET MANAGEMENT,FRANCE
BANQUE CENTRALE DE COMPENSATION - LCH.CLEARNET SA,FRANCE
CREDIT AGRICOLE,FRANCE
OSEO GARANTIE,FRANCE
TOTAL TREASURY,FRANCE
CAISSE D'EPARGNE COTE D'AZUR,FRANCE
IMERYS SA,FRANCE
CRC MARIT MUT ATLANTIQUE,FRANCE
BANQUE DE FRANCE,FRANCE
BANQUE FRANCAISE COMMERCIALE DE L'OCEAN INDIEN,FRANCE
CAISSE D'EPARGNE DE BRETAGNE,FRANCE
BANCO BPI PARIS,FRANCE
BANCO DE SABADELL,FRANCE
LABCO GESTION GIE,FRANCE
LAZARD FRERES GESTION,FRANCE
BOURSE DIRECT SA,FRANCE
SGAM BANQUE (FORMERLY BAREP BANQUE),FRANCE
THE ROYAL BANK OF SCOTLAND PLC PARIS BRANCH,FRANCE
CAIXA D'ESTALVIS DE CATALUNYA,FRANCE
BANQUE POPULAIRE OCCITANE,FRANCE
MEDICAPITAL BANK PLC SUCCURSALE EN FRANCE,FRANCE
EUROPEAN FUND ADMINISTRATION FRANCE S.A.S,FRANCE
ART ET TECHNIQUES DU PROGRES,FRANCE
CAISSE D'EPARGNE ILE DE FRANCE,FRANCE
CHOLET DUPONT SA,FRANCE
ALSTOM HOLDINGS,FRANCE
CAISSE NATIONALE DES CAISSES D'EPARGNE ET DE PREVOYANCE,FRANCE
BANQUE POPULAIRE DES ALPES,FRANCE
BANCO DO BRASIL S.A.,FRANCE
KEPLER CAPITAL MARKETS,FRANCE
SAFRAN,FRANCE
BANK TEJARAT,FRANCE
CAISSE D'EPARGNE DES PAYS DE L'ADOUR,FRANCE
BANQUE BIA,FRANCE
CAISSE D'EPARGNE NORD FRANCE EUROPE,FRANCE
BRED BANQUE POPULAIRE,FRANCE
CAISSE D'EPARGNE PROVENCE ALPES CORSE,FRANCE
LA BANQUE POSTALE,FRANCE
BNP PARIBAS SECURITIES SERVICES,FRANCE
INTESA SANPAOLO SPA,FRANCE
NATIXIS INTEREPARGNE,FRANCE
GE MONEY BANK SCA,FRANCE
CAISSE D'EPARGNE DE PICARDIE,FRANCE
DEXIA ASSET MANAGEMENT,FRANCE
PAREL,FRANCE
UNICREDITO ITALIANO SPA - SUCCURSALE DE PARIS,FRANCE
PUBLICIS FINANCE SERVICES SA,FRANCE
COMPAGNIE DE SAINT-GOBAIN,FRANCE
CAISSE D'EPARGNE LOIRE CENTRE,FRANCE
IXIS ASSET MANAGEMENT,FRANCE
B.C.C. DI MONTECORVINO ROVELLA S.C.R.L.,ITALY
BANCA DI CREDITO COOPERATIVO DEI CASTELLI ROMANI SOC. COOP.,ITALY
BANCA DEL CILENTO CRED. COOP.,ITALY
BANCA DI CARNIA E GEMONESE-CREDITO COOPERATIVO SOCIETA' COOPERATIVA,ITALY
BANCA DI CIVIDALE S.P.A.,ITALY
ALETTI GESTIELLE SGR SPA,ITALY
BANCA DEI SIBILLINI - CREDITO COOPERATIVO DI CASAVECCHIA SOCIETA'  COOPERATIVA,ITALY
BANCA DELL'ALTA MURGIA CREDITO COOPERATIVO SOCIETA' COOPERATIVA,ITALY
BANCA DI CREDITO COOPERATIVO BANCA BRUTIA SOC. COOP.,ITALY
BANCA D' ALBA CREDITO COOPERATIVO,ITALY
BANCA ALTO VICENTINO-CREDITO COOPERATIVO SCPA-SCHI0,ITALY
ABC INTERNATIONAL BANK PLC-MILAN BRANCH,ITALY
BANCA CREDITO COOPERATIVO LAUDENSE - LODI,ITALY
BANCA DI CREDITO COOPERATIVO AGRIGENTINO SOC. COOP,ITALY
BANCA AGRICOLA POPOLARE DI RAGUSA,ITALY
ALMO NATURE S.P.A.,ITALY
BANCA ADRIA CREDITO COOPERATIVO DEL DELTA SOC. COOP.,ITALY
ALLIANZ BANK FINANCIAL ADVISORS SPA,ITALY
BANCA DI COSENZA CREDITO COOPERATIVO SOC. COOP.,ITALY
BANCA DEL MUGELLO CREDITO COOPERATIVO SOCIETA' COOPERATIVA,ITALY
B.C.C. SAN MARCO DEI CAVOTI E DEL SANNIO-CALVI,ITALY
B.C.C. DEI CASTELLI E DEGLI IBLEI P.,ITALY
ALLFUNDS BANK,ITALY
B.C.C.S. BARNABA DI MARINO,ITALY
BANCA DI CARAGLIO DEL CUNEESE E DELLA RIVIERA DEI FIORI CREDITO  COOPERATIVO-SOC.COOP.,ITALY
BANCA DELL'ARTIGIANATO E DELL'INDUSTRIA SPA,ITALY
BANCA ARNER (ITALIA) S.P.A.,ITALY
BANCA AKROS SPA,ITALY
BANCA CRAS-CREDITO COOPERATIVO SOVICILLE-SOC.COOP.,ITALY
BANCA CASSA DI RISPARMIO DI SAVIGLIANO S.P.A.,ITALY
BANCA DI CESENA - CREDITO COOPERATIVO DI CESENA E RONTA,ITALY
BANCA DEL FUCINO,ITALY
BANCA DI BOLOGNA CREDITO COOPERATIVO,ITALY
BANCA DEL CENTROVENETO CREDITO COOPERATIVO SOC.COOP.,ITALY
BANCA DI CAVOLA E SASSUOLO CREDITO COOPERATIVO S.C.R.L.,ITALY
BANCA DELLA VALPOLICELLA CREDITO COOPERATIVO DI MARANO,ITALY
BANCA CENTROPADANA - CREDITO COOPERATIVO SCRL,ITALY
BANCA DI CREDIT0 COOPERATIVO DI BELLEGRA S.C.R.L.,ITALY
BANCA DI CREDITO COOPERATIVO ANTONELLO DA MESSINA,ITALY
B.C.C. DEL FRIULI CENTRALE,ITALY
BANCA CARIPE S.P.A. (TERCAS GROUP),ITALY
BANCA DELLA VALSASSINA CREDITO COOPERATIVO-SOC. COOP.,ITALY
ARCA SGR S.P.A.,ITALY
BANCA DI CREDITO COOPERATIVO COLLI MORENICI DEL GARDA SCRL,ITALY
BANCA DELLA MARCA CREDITO COOPERATIVO SOCIETA' COOPERATIVA,ITALY
BANCA DI CREDITO COOPERATIVO AGRO BRESCIANO SOCIETA' COOPERATIVA,ITALY
BANCA CRED.COOPER.VICENTINO POJANA MAGG.,ITALY
BANCA CESARE PONTI S.P.A.,ITALY
BANCA DI ANDRIA CREDITO COOPERATIVO-SOC.COOP.,ITALY
BANCA AGRILEASING,ITALY
BANCA ALPI MARITTIME CREDITO COOPERATIVO CARRU'-SOC.COOP.,ITALY
BANCA DEL FERMANO CREDITO COOPERATIVO SOC. COOP.,ITALY
BANCA DI CREDITO COOPERATIVO DEL METAURO S.C.R.L.,ITALY
BANCA DEI COLLI EUGANEI - LOZZO ATESTINO - CREDITO COOPERATIVO,ITALY
BANCA DI BEDIZZOLE TURANO VALVESTINO CREDITO COOPERATIVO SOCIETA'  COOPERATIVA,ITALY
BANCA DELL'ADDA CREDITO COOPERATIVO SOCIETA' COOPERATIVA A R.L.,ITALY
BANCA DI CREDITO COOPERATIVO ALTO CASERTANO E BASSO FRUSINATE,ITALY
BANCA DEL VALDARNO CREDITO COOPERATIVO SOCIETA' COOPERATIVA,ITALY
BANCA DI CREDITO COOPERATIVO DEI COMUNI CILENTANI,ITALY
ATTIJARIWAFA BANK EUROPE MILAN,ITALY
BANCA DI CREDITO COOPERATIVO DEL LAMETINO SOC. COOP.,ITALY
BANCA DI CREDITO COOPERATIVO DEL CREMONESE - CASALMORANO SCRL,ITALY
BANCA CARIM-CASSA DI RISPARMIO DI RIMINI SPA,ITALY
BANCA DELLA BERGAMASCA CREDITO COOPERATIVO SOC. COOP.,ITALY
BANCA CREMASCA - CREDITO COOPERATIVO SOCIETA' COOPERATIVA,ITALY
B.C.C. DI MARCON - VENEZIA,ITALY
B.C.C. DI RECANATI E COLMURANO - RECANATI (MC) SCRL,ITALY
BANCA DEL PIEMONTE,ITALY
BANCA AGCI SPA,ITALY
BANCA DI CREDITO COOPERATIVO DEL GARIGLIANO - S.C.R.L.,ITALY
BANCA DI CREDITO COOPERATIVO DEL CIRCEO SOC. COOP.,ITALY
BANCA DI ANGHIARI E STIA CREDITO COOPERATIVO-SOC. COOP.,ITALY
B. C. C. DI ALTAVILLA SILENTINA E CALABRITTO,ITALY
BANCA CENTRO EMILIA CREDITO COOPERATIVO SOC.COOP.,ITALY
BANCA ATESTINA DI CREDITO COOPERATIVO SC,ITALY
BANCA ADIGE PO CREDITO COOPERATIVO LUSIA SOCIETA' COOPERATIVA,ITALY
BANCA DI CREDITO COOPERATIVO DEL CARSO SOCIETA COOPERATIVA ZADRUGA-ZADRUZNA  KRASKA BANKA,ITALY
BANCA DELLO JONIO CREDITO COOPERATIVO-ALBIDONA S.C.P.A.,ITALY
ARTIGIANCASSA SPA,ITALY
BANCA ALETTI E C. S.P.A. (BANCO POPOLARE GROUP),ITALY
BANCA DEL CROTONESE-CREDITO COOPERATIVO SOCIETA' COOPERATIVA,ITALY
BANCA DI CREDITO COOPERATIVO ABRUZZESE-CAPPELLE SUL TAVO-SOC.COOP.PER  AZIONI A MUTUALITA' PREVALENTE,ITALY
BANCA APUANA CREDITO COOPERATIVO DI MASSA CARRARA SCARL,ITALY
BANCA DI CREDITO COOPERATIVO DEGLI ULIVI - TERRA DI BARI SCRL,ITALY
BANCA DI ANCONA CREDITO COOPERATIVO SOC. COOP.,ITALY
BANCA DEI DUE MARI DI CALABRIA-CREDITO COOPERATIVO,ITALY
SOCIETE GENERALE SECURITIES (NORTH PACIFIC) LTD.,JAPAN
DEUTSCHE ASSET MANAGEMENT(JAPAN)LTD,JAPAN
STATE STREET TRUST AND BANKING COMPANY LIMITED,JAPAN
PHILIPPINE NATIONAL BANK TOKYO BRANCH,JAPAN
STATE BANK OF INDIA,JAPAN
OVERSEA-CHINESE BANKING CORPORATION LIMITED TOKYO BRANCH,JAPAN
SBI SUMISHIN NET BANK LTD.,JAPAN
SHIMIZU BANK LTD. THE,JAPAN
SHINHAN BANK JAPAN,JAPAN
CHIBA BANK LTD. THE,JAPAN
DBS BANK LTD TOKYO BRANCH,JAPAN
AICHI BANK LTD. THE,JAPAN
DEPFA BANK PLC,JAPAN
BLACKROCK JAPAN CO. LTD.,JAPAN
CENTRAL TANSHI CO. LTD.,JAPAN
COMMONWEALTH BANK OF AUSTRALIA,JAPAN
RABOBANK NEDERLAND TOKYO BRANCH,JAPAN
BANGKOK BANK PUBLIC COMPANY LTD.,JAPAN
SMBC NIKKO SECURITIES INC.,JAPAN
THE HIGO BANK LIMITED,JAPAN
DEUTSCHE BANK AG,JAPAN
SHIZUOKA BANK LTD. THE,JAPAN
BANK OF TOKYO-MITSUBISHI UFJ LTD.THE,JAPAN
BARCLAYS CAPITAL JAPAN LTD.,JAPAN
ASAHI SHINKIN BANK THE,JAPAN
CREDIT SUISSE SECURITIES (JAPAN) LTD.,JAPAN
SOCIETE GENERALE,JAPAN
NORINCHUKIN BANK THE,JAPAN
OITA BANK LTD. THE,JAPAN
SHINKIN CENTRAL BANK,JAPAN
BANK OF IWATE LTD. THE,JAPAN
DAIWA SECURITIES CAPITAL MARKETS CO.LTD.,JAPAN
THE TOKYO TANSHI CO. LTD.,JAPAN
OSAKA CITY SHINKIN BANK THE,JAPAN
DAIWA SECURITIES CO.LTD.,JAPAN
DEUTSCHE SECURITIES INC.,JAPAN
BANK OF JAPAN,JAPAN
COSMO SECURITIES CO. LTD.,JAPAN
STANDARD CHARTERED BANK,JAPAN
AMAGASAKI SHINKIN BANK THE,JAPAN
CREDIT SUISSE AG TOKYO BRANCH,JAPAN
SOCIETE GENERALE PRIVATE BANKING (JAPAN) LTD.,JAPAN
PANASONIC CORPORATION,JAPAN
SWIFT CUSTOMER SERVICE CENTRE JAPAN,JAPAN
BGC SHOKEN KAISHA LIMITED,JAPAN
BANK OF TOKYO-MITSUBISHI UFJ LTD. THE,JAPAN
SHIGA BANK LTD. THE,JAPAN
AWA BANK LTD. THE,JAPAN
CHUO MITSUI TRUST AND BANKING CO.LTD.THE,JAPAN
DAISAN BANK LTD. THE,JAPAN
AOZORA BANK LTD,JAPAN
BANK OF OKINAWA LTD. THE,JAPAN
THE BANK OF NEW YORK MELLON TRUST (JAPAN) LTD,JAPAN
CREDIT AGRICOLE CIB TOKYO BRANCH,JAPAN
BANK OF AMERICA TOKYO,JAPAN
DAISHI BANK LTD.THE,JAPAN
CHIBA KOGYO BANK LTD. THE,JAPAN
THE BANK OF KOCHI LIMITED,JAPAN
ASHIKAGA BANK,JAPAN
NOMURA RESEARCH INSTITUTE LTD.,JAPAN
BANCO DO BRASIL S.A.,JAPAN
ROYAL BANK OF SCOTLAND PLC,JAPAN
BANK NEGARA INDONESIA (PERSERO) PT. TOKYO BRANCH,JAPAN
CHINATRUST COMMERCIAL BANK TOKYO BRANCH,JAPAN
BANK OF TAIWAN TOKYO BRANCH,JAPAN
RESONA BANK LTD. TRUST DEP.,JAPAN
SPARX ASSET MANAGEMENT CO. LTD.,JAPAN
BANCO BILBAO VIZCAYA ARGENTARIA TOKYO BRANCH,JAPAN
CHANG HWA COMMERCIAL BANK LTD. TOKYO BRANCH,JAPAN
CIBC WORLD MARKETS (JAPAN) INC.,JAPAN
SAITAMA RESONA BANK LIMITED,JAPAN
SHOKO CHUKIN BANK LTD. THE,JAPAN
BNP PARIBAS SECURITIES (JAPAN) LTD.,JAPAN
BANK OF FUKUOKA LTD. THE,JAPAN
SETO SHINKIN BANK THE,JAPAN
CHINA CONSTRUCTION BANK CORPORATION TOKYO BRANCH,JAPAN
CHUGOKU BANK LTD. THE,JAPAN
NORTH PACIFIC BANK LTD.,JAPAN
SUMISHO COMPUTER SYSTEMS CORPORATION,JAPAN
THE NISHI-NIPPON CITY BANK LTD,JAPAN
SHINSEI BANK LTD.,JAPAN
SHONAI BANK LTD. THE,JAPAN
STATE STREET BANK AND TRUST COMPANY,JAPAN
NOMURA SECURITIES CO. LTD.,JAPAN
DAIWA SB INVESTMENTS LTD,JAPAN
NOMURA ASSET MANAGEMENT CO. LTD.,JAPAN
ALLIANCEBERNSTEIN JAPAN LTD,JAPAN
DAIWA NEXT BANK LTD.,JAPAN
ROYAL BANK OF SCOTLAND PLC (FORMER ABN AMRO BANK N.V.),JAPAN
OGAKI KYORITSU BANKLTD.THE,JAPAN
RESONA BANK LTD. TOKYO,JAPAN
BANK OF THE RYUKYUS LTD.,JAPAN
BANK OF YOKOHAMA LTD. THE,JAPAN
SUMITOMO MITSUI BANKING CORPORATION,JAPAN
THE TOCHIGI BANK LTD.,JAPAN
THE 77 BANKLTD.,JAPAN
BANK OF NAGOYA LTD.  THE,JAPAN
BANK OF INDIA,JAPAN
BNP PARIBAS S.A. - TOKYO BRANCH,JAPAN
OKASAN SECURITIES CO. LTD.,JAPAN
SURUGA BANK LTD. THE,JAPAN
RBS SECURITIES JAPAN LIMITED TOKYO BRANCH,JAPAN
BANK OF COMMUNICATIONS TOKYO BRANCH,JAPAN
TAJIMA BANK LTD THE,JAPAN
BANK OF KYOTOLTD.THE,JAPAN
THE HAMAMATSU SHINKIN BANK,JAPAN
BANK OF NOVA SCOTIATHE,JAPAN
CITIBANK JAPAN LTD.,JAPAN
TOHO BANK LTD. THE,JAPAN
COMMERZBANK AG TOKYO,JAPAN
SHIKOKU BANKLTD.THE,JAPAN
SUMITOMO TRUST AND BANKING COMPANY LTD. THE,JAPAN
CREDIT AGRICOLE SECURITIES ASIA B.V.,JAPAN
SHINWA BANK LTD. THE,JAPAN
AOMORI BANK LTD. THE,JAPAN
BANK OF CHINA,JAPAN
THE BANK OF NEW YORK MELLON TOKYO BRANCH,JAPAN
BROWN BROTHERS HARRIMAN SECURITIES INVESTMENT MANAGEMENT (JAPAN) INC.,JAPAN
BARCLAYS BANK PLC,JAPAN
CHUKYO BANK LIMITED THE,JAPAN
NTT DATA GETRONICS CORPORATION,JAPAN
PICTET ASSET MANAGEMENT (JAPAN) LTD.,JAPAN
THE NOMURA TRUST AND BANKING CO. LTD.,JAPAN
SAN-IN GODO BANK LTD. THE,JAPAN
SUGAMO SHINKIN BANK THE,JAPAN
TAMA SHINKIN BANK THE,JAPAN
BANK OF SAGA LTD. THE,JAPAN
SAIKYO BANK LTD. THE,JAPAN
OKAZAKI SHINKIN BANK THE,JAPAN
SMBC FRIEND SECURITIES CO. LTD,JAPAN
CITIGROUP GLOBAL MARKETS JAPAN INC.,JAPAN
RBC CAPITAL MARKETS (JAPAN) LTD. TOKYO,JAPAN
AUSTRALIA AND NEW ZEALAND BANKING GROUP LIMITED,JAPAN
ROYAL BANK OF CANADA,JAPAN
THE SENSHU IKEDA BANK LTD.,JAPAN
SCHRODER INVESTMENT MANAGEMENT (JAPAN) LIMITED,JAPAN
FUTURE EXCHANGE CO. LTD.,JORDAN
JORDAN ISLAMIC BANK,JORDAN
JORDAN DUBAI ISLAMIC BANK,JORDAN
CENTRAL BANK OF JORDAN,JORDAN
NATIONAL BANK OF ABU DHABI,JORDAN
CAPITAL BANK OF JORDAN,JORDAN
CAIRO AMMAN BANK,JORDAN
BLOM BANK S.A.L.,JORDAN
STANDARD CHARTERED BANK,JORDAN
JORDAN COMMERCIAL BANK,JORDAN
HOUSING BANK FOR TRADE AND FINANCE THE,JORDAN
KAMIRAN ALI AND PARTNER EXCHANGE CO,JORDAN
EGYPTIAN ARAB LAND BANK,JORDAN
KAMAL EXCHANGE CO L.L.C,JORDAN
JORDAN AHLI BANK PLC,JORDAN
ARAB JORDAN INVESTMENT BANK,JORDAN
SOCIETE GENERALE DE BANQUE - JORDANIE,JORDAN
ARAB BANK PLC,JORDAN
HSBC BANK MIDDLE EAST,JORDAN
JORDAN KUWAIT BANK,JORDAN
ALAWNEH EXCHANGE L.L.C,JORDAN
INVESTBANK,JORDAN
ISLAMIC INTERNATIONAL ARAB BANK,JORDAN
BAGHDAD EXCHANGE CO.,JORDAN
CITIBANK N.A.,JORDAN
AL RAJHI BANK  JORDAN BRANCH,JORDAN
ABUSHEIKHA EXCHANGE LLC,JORDAN
BANK OF JORDAN LTD,JORDAN
NATIONAL BANK OF KUWAIT,JORDAN
TRASTA KOMERCBANKA,LATVIA
AS SMP BANK,LATVIA
AS LTB BANK,LATVIA
LATVIJAS PASTA BANKA,LATVIA
LATVIAN BUSINESS BANK JOINT STOCK COMPANY,LATVIA
VEFBANK JOINT STOCK COMPANY COMMERCIAL BANK,LATVIA
SEB BANKA,LATVIA
RIETUMU BANKA,LATVIA
REGIONALA INVESTICIJU BANKA,LATVIA
AS UNICREDIT BANK,LATVIA
THE LATVIA BRANCH OF BANK SNORAS,LATVIA
AS DNB NORD BANKA,LATVIA
LATVIAN CENTRAL DEPOSITORYTHE,LATVIA
BALTIC INTERNATIONAL BANK,LATVIA
DANSKE BANK A/SLATVIJA BRANCH,LATVIA
MORTGAGE AND LAND BANK OF LATVIA,LATVIA
AIZKRAUKLES BANKA,LATVIA
JSC CITADELE BANKA,LATVIA
SVENSKA HANDELSBANKEN AB,LATVIA
BANK OF LATVIA,LATVIA
JSC LATVIJAS KRAJBANKA,LATVIA
NORDEA BANK FINLAND PLC LATVIA BRANCH,LATVIA
SWEDBANK AS (FORMERLY A/S HANSABANKA),LATVIA
A/S AKCIJU KOMERCBANKA BALTIKUMS,LATVIA
NORVIK BANKA JSC,LATVIA
TREASURY OF THE REPUBLIC OF LATVIA THE,LATVIA
GE MONEY BANK,LATVIA
FIRST GULF BANK QATAR FINANCIAL CENTRE,QATAR
DOHA SECURITIES MARKET,QATAR
QINVEST LLC,QATAR
QATAR ISLAMIC BANK,QATAR
QATAR NATIONAL BANK,QATAR
BARWA BANK,QATAR
BMI BANK B.S.C. QATAR BRANCH,QATAR
ALJAZEERA EXCHANGE COMPANY,QATAR
QATAR INTERNATIONAL ISLAMIC BANK,QATAR
DOHA BANK,QATAR
QATARGAS OPERATING CO LTD,QATAR
QATAR CENTRAL BANK,QATAR
THE GROUP SECURITIES,QATAR
DEUTSCHE BANK AG,QATAR
CITIBANK N.A.,QATAR
QATAR DEVELOPMENT BANK,QATAR
QATAR FIRST INVESTMENT BANK,QATAR
UNITED BANK LIMITED DOHA,QATAR
RASGAS COMPANY LIMITED,QATAR
STATE BANK OF INDIA QATAR FINANCIAL CENTRE BRANCH,QATAR
QATAR INVESTMENT AUTHORITY,QATAR
AHLI BANK Q.S.C.,QATAR
QATAR TELECOM (QTEL) Q.S.C,QATAR
HSBC BANK MIDDLE EAST LIMITED,QATAR
COMMERCIAL BANK OF QATAR LTD.,QATAR
ARAB JORDAN INVESTMENT BANK (QATAR) LLC,QATAR
INTERNATIONAL BANK OF QATAR (Q.S.C.),QATAR
MASRAF AL RAYAN,QATAR
STANDARD CHARTERED BANK,QATAR
SAMBA FINANCIAL GROUP,QATAR
AL KHALIJ COMMERCIAL BANK,QATAR
BLOM BANK QATAR LLC,QATAR
MASHREQ BANK,QATAR
ARAB BANK PLC,QATAR
INDUSTRIAL AND COMMERCIAL BANK OF CHINA LIMITED,QATAR
AL ZAMAN EXCHANGE W.L.L,QATAR
CITY EXCHANGE CO. W.L.L,QATAR
TASWEEQ,QATAR
QATAR FOUNDATION,QATAR
DLALA BROKERAGE LLC,QATAR
BNP PARIBAS DOHA,QATAR
BANK SADERAT IRAN,QATAR
AGROSOYUZ BANK,RUSSIA
ASIAN-PACIFIC BANK,RUSSIA
ALJBA ALLIANCE,RUSSIA
BNP PARIBAS ZAO MOSCOW,RUSSIA
CORPORATE FINANCE BANK,RUSSIA
BANCA INTESA ZAO MOSCOW,RUSSIA
DELTACREDIT CB ZAO,RUSSIA
CAPITAL ZAO,RUSSIA
AVTOGRADBANK,RUSSIA
ADMIRALTEISKY CB LTD,RUSSIA
ABB BANK,RUSSIA
EVROPEISKY INVESTMENT COMMERCIAL BANK,RUSSIA
DEVELOPMENT CAPITAL BANK,RUSSIA
ENISEY (PUBLIC COMPANY) JSCB,RUSSIA
ART-BANK,RUSSIA
ALEKSANDROVSKY BANK,RUSSIA
BANK RESO CREDIT,RUSSIA
ECONOMIC UNION BANK,RUSSIA
EKATERININSKIJ APB OAO,RUSSIA
FINANCIAL STANDARD CB OOO,RUSSIA
BALTIKA BANK ZAO,RUSSIA
BANK KHOVANSKIY,RUSSIA
BTA BANK LLS,RUSSIA
BANK NATIONAL CLEARING CENTRE,RUSSIA
DEUTSCHE BANK OOO,RUSSIA
BALTIK DEVELOPMENT BANK,RUSSIA
BALTIYSKIY BANK,RUSSIA
AGROINKOMBANK,RUSSIA
ECOPROMBANK JOINT-STOCK COMMERCIAL BANK,RUSSIA
ATB BANK,RUSSIA
FIA-BANK,RUSSIA
CIBC ALLIANCE GROUP,RUSSIA
COMMERCIAL BANK NOYABRSKNEFTEKOMBANK,RUSSIA
BANK MOSKVA,RUSSIA
BANK FINSERVICE JSC,RUSSIA
BANK VTB NORTH-WEST,RUSSIA
FAR EASTERN BANK OAO,RUSSIA
BANK OF CYPRUS COMMERCIAL BANK LLC,RUSSIA
EUROMET BANK,RUSSIA
ALFA-BANK,RUSSIA
EVROFINANCE MOSNARBANK,RUSSIA
DEAL-BANK OOO,RUSSIA
AK BARS BANK OAO,RUSSIA
AKIBANK JSC,RUSSIA
DEPOSITORY CLEARING COMPANY,RUSSIA
EXIMBANK OF RUSSIA,RUSSIA
BANK URAL FD,RUSSIA
CHELYABINVESTBANK,RUSSIA
DVE STOLITCY KB,RUSSIA
ABM BANK LTD,RUSSIA
CROCUSBANK,RUSSIA
BTA - KAZAN BANK,RUSSIA
BANK PRIME FINANCE,RUSSIA
ASSOTSIATSIYA BANK,RUSSIA
EUROTRUST CB ZAO,RUSSIA
BANK TROIKA DIALOG,RUSSIA
BRATSKY NARODNY BANK JSC,RUSSIA
COMMERCIAL BANK OF MOSCOW,RUSSIA
AUERBANK,RUSSIA
CENTROKREDIT BANK,RUSSIA
CHELINDBANK,RUSSIA
EUROCREDIT COMMERCIAL BANK LTD LIABILITY COMPANY,RUSSIA
EKATERINBURG BANK,RUSSIA
ARESBANK,RUSSIA
EVRAZBANK OOO,RUSSIA
EXPRESS-CREDIT BANK,RUSSIA
BFG-CREDIT BANK,RUSSIA
DONINVEST COMMERCIAL BANK,RUSSIA
CHITAPROMSTROYBANK OAO,RUSSIA
ALEF-BANK,RUSSIA
ECONOMBANK ZAO,RUSSIA
DRESDNER BANK ZAO,RUSSIA
EAST-EUROPEAN BANK FOR RECONSTRUCTION AND DEVELOPMENT,RUSSIA
ABSOLUT BANK,RUSSIA
ENERGOMASHBANK PLC,RUSSIA
AVTOVAZBANK OPEN JOINT-STOCK COMPANY,RUSSIA
BALTINVESTBANK OAO,RUSSIA
BANK CAPITAL-MOSCOW,RUSSIA
ELBIN BANK,RUSSIA
DEXIA BANK CJSC,RUSSIA
DOLINSK BANK,RUSSIA
EAST-EUROPEAN TRUST BANK,RUSSIA
CB RABOBANK (CLOSED JOINT-STOCK COMPANY),RUSSIA
BUSINESS DEVELOPMENT BANK,RUSSIA
BANK OF MOSCOW,RUSSIA
COMMERCIAL BANK OF INDIA OOO,RUSSIA
ENERGOTRANSBANK,RUSSIA
ALMAZERGIENBANK,RUSSIA
CREDITIMPEX BANK,RUSSIA
BCS BANK,RUSSIA
BANK MELLI IRAN ZAO,RUSSIA
COMMERCIAL BANK SUMMIT BANK OPEN JOINT STOCK COMPANY,RUSSIA
CITY MORTGAGE BANK OOO,RUSSIA
CJSC BANK CREDIT SUISSE (MOSCOW),RUSSIA
BORSKY COMMERCIAL BANK,RUSSIA
AF BANK,RUSSIA
CB HOLDING-CREDIT OOO,RUSSIA
AGROIMPULS JOINT STOCK COMMERCIAL BANK,RUSSIA
CENTER-INVEST CB,RUSSIA
BANK MONETNY DOM,RUSSIA
BNP PARIBAS VOSTOK,RUSSIA
B AND N BANK (JOINT-STOCK COMPANY),RUSSIA
COMMERCIAL BANK SVENSKA HANDELSBANKEN (CLOSED JOINT STOCK COMPANY),RUSSIA
DERZHAVA JSCB,RUSSIA
BANK ROSSIYSKY KAPITAL,RUSSIA
EASTBRIDGE BANK,RUSSIA
CHUVASHCREDITPROMBANK OAO,RUSSIA
DORIS BANK,RUSSIA
BANK OF KAZAN KBER OOO,RUSSIA
FERROBANK LLC,RUSSIA
AMI-BANK ZAO,RUSSIA
ALTA-BANK ZAO,RUSSIA
BANK OF KHANTY-MANSIYSK OAO,RUSSIA
CITY INVEST BANK,RUSSIA
AVERS BANK,RUSSIA
CREDIT-MOSCOW BANK,RUSSIA
BANK JUGRA,RUSSIA
ENERGOBANK,RUSSIA
EUROAXIS BANK JOINT STOCK COMMERCIAL BANK,RUSSIA
BANK24.RU OAO,RUSSIA
CAPITAL KREDIT LTD,RUSSIA
BANK OF TOKYO-MITSUBISHI UFJ (EURASIA) ZAO,RUSSIA
BANK OF THE DEVELOPMENT OF TECHNOLOGIES (COMMERCIAL BANK),RUSSIA
FAR EASTERN COMMERCIAL BANK OAO,RUSSIA
CREDIT EUROPE BANK LTD,RUSSIA
BANK BFT,RUSSIA
BANK ORENBURG OAO,RUSSIA
BARCLAYS BANK LLC,RUSSIA
CJSC UNICREDIT SECURITIES,RUSSIA
BANK OF CHINA (ELUOSI),RUSSIA
CALYON (FORMERLY CREDIT LYONNAIS RUSBANK),RUSSIA
BFA BANK,RUSSIA
BANK SANKT - PETERBURG OAO,RUSSIA
CENTRAL COMMERCIAL BANK,RUSSIA
DAGENERGOBANK,RUSSIA
AMB BANK JSC,RUSSIA
FEDERAL BANK FOR INNOVATION AND DEVELOPMENT,RUSSIA
BARCLAYS CAPITAL LIMITED LIABILITY COMPANY,RUSSIA
CB GENBANK OOO,RUSSIA
ACCEPT CB OAO,RUSSIA
BANQUE SOCIETE GENERALE VOSTOK,RUSSIA
CENTRAL BANK OF RUSSIAN FEDERATION,RUSSIA
CREDIT BANK OF MOSCOW (OPEN JOINT STOCK COMPANY),RUSSIA
COMMERZBANK (EURASIJA) SAO,RUSSIA
EUROCOMMERCE BANK,RUSSIA
AVANGARD BANK,RUSSIA
CAPITAL MERCHANT BANK,RUSSIA
CREDIT URAL BANK OAO,RUSSIA
COMMERCIAL BANK MAST BANK (JOINT STOCK COMPANY),RUSSIA
BANKHAUS ERBE,RUSSIA
ING BANK N.V.,SOUTH KOREA
DBS BANK LTD SEOUL BRANCH,SOUTH KOREA
KUMHO INVESTMENT BANK,SOUTH KOREA
SUMITOMO MITSUI BANKING CORPORATION,SOUTH KOREA
BANK OF TOKYO-MITSUBISHI UFJ LTD. THE,SOUTH KOREA
HANA DAETOO SECURITIES,SOUTH KOREA
KOREA TRADE INSURANCE CORPORATION,SOUTH KOREA
MIZUHO CORPORATE BANK LTD. SEOUL BRANCH (FORMERLY THE DAI-ICHI KANGYO  BANK LTD. SEOUL BRANCH),SOUTH KOREA
BANK OF CHINA SEOUL BRANCH,SOUTH KOREA
CREDIT SUISSE AG SEOUL BRANCH,SOUTH KOREA
SOCIETE GENERALE SEOUL BRANCH,SOUTH KOREA
LANDESBANK BADEN-WUERTTEMBERG SEOUL,SOUTH KOREA
BANK OF NOVA SCOTIA THE SEOUL BRANCH,SOUTH KOREA
LG DISPLAY,SOUTH KOREA
MORGAN STANLEY AND CO. INTERNATIONAL PLC SEOUL BRANCH,SOUTH KOREA
LG ELECTRONICS INC.,SOUTH KOREA
STANDARD CHARTERED FIRST BANK KOREA LIMITED,SOUTH KOREA
SAMSUNG LIFE INSURANCE CO. LTD,SOUTH KOREA
MERITZ SECURITIES CO.LTD,SOUTH KOREA
INDUSTRIAL AND COMMERCIAL BANK OF CHINA,SOUTH KOREA
BUSAN BANK,SOUTH KOREA
INDIAN OVERSEAS BANK SEOUL BRANCH,SOUTH KOREA
KWANGJU BANK LTD THE,SOUTH KOREA
SAMSUNG ELECTRONICS CO. LTD.,SOUTH KOREA
KYONGNAM BANK,SOUTH KOREA
KOREA DEVELOPMENT BANK THE,SOUTH KOREA
MACQUARIE BANK LIMITED SEOUL BRANCH,SOUTH KOREA
SAMSUNG SDS CO. LTD.,SOUTH KOREA
INDUSTRIAL BANK OF KOREA,SOUTH KOREA
SEOUL GUARANTEE INSURANCE COMPANY,SOUTH KOREA
DAEWOO SECURITIES CO. LTD.,SOUTH KOREA
SUHYUP BANK (ALSO KNOWN AS NATIONAL FEDERATION OF FISHERIES COOPERATIVES),SOUTH KOREA
GOLDMAN SACHS INTERNATIONAL BANK SEOUL BRANCH,SOUTH KOREA
OVERSEA-CHINESE BANKING COPORATION LIMITED SEOUL BRANCH,SOUTH KOREA
KOREA FINANCE CORPORATION,SOUTH KOREA
KOOKMIN BANK,SOUTH KOREA
BANK OF KOREA THE,SOUTH KOREA
BNP PARIBAS SEOUL BRANCH,SOUTH KOREA
NATIONAL BANK OF PAKISTAN SEOUL BRANCH KOREA,SOUTH KOREA
MERCEDES-BENZ FINANCIAL SERVICES KOREA LTD.,SOUTH KOREA
DEUTSCHE BANK AG SEOUL BRANCH,SOUTH KOREA
NOMURA FINANCIAL INVESTMENT (KOREA) CO. LTD.,SOUTH KOREA
BARCLAYS BANK PLC SEOUL BRANCH,SOUTH KOREA
BANCO BILBAO VIZCAYA ARGENTARIA SA.,SOUTH KOREA
HONGKONG AND SHANGHAI BANKING CORPORATION LIMITED THE,SOUTH KOREA
GOLDMAN SACHS (ASIA) L.L.C. SEOUL BRANCH,SOUTH KOREA
CITIBANK KOREA INC,SOUTH KOREA
BANK MELLAT SEOUL BRANCH,SOUTH KOREA
HANA BANK,SOUTH KOREA
STATE STEET BANK AND TRUST COMPANY KOREA BRANCH,SOUTH KOREA
CHINA CONSTRUCTION BANK SEOUL BRANCH,SOUTH KOREA
JEONBUK BANK,SOUTH KOREA
J.P. MORGAN SECURITIES (FAR EAST) LTD,SOUTH KOREA
NATIONAL AGRICULTURAL COOPERATIVE FEDERATION(NH BANK),SOUTH KOREA
MORGAN STANLEY BANK INTERNATIONAL LIMITED SEOUL BRANCH,SOUTH KOREA
